-- MySQL dump 10.13  Distrib 8.0.45, for Win64 (x86_64)
--
-- Host: localhost    Database: concert_ticket
-- ------------------------------------------------------
-- Server version	8.0.45

/*!40101 SET @OLD_CHARACTER_SET_CLIENT=@@CHARACTER_SET_CLIENT */;
/*!40101 SET @OLD_CHARACTER_SET_RESULTS=@@CHARACTER_SET_RESULTS */;
/*!40101 SET @OLD_COLLATION_CONNECTION=@@COLLATION_CONNECTION */;
/*!50503 SET NAMES utf8mb4 */;
/*!40103 SET @OLD_TIME_ZONE=@@TIME_ZONE */;
/*!40103 SET TIME_ZONE='+00:00' */;
/*!40014 SET @OLD_UNIQUE_CHECKS=@@UNIQUE_CHECKS, UNIQUE_CHECKS=0 */;
/*!40014 SET @OLD_FOREIGN_KEY_CHECKS=@@FOREIGN_KEY_CHECKS, FOREIGN_KEY_CHECKS=0 */;
/*!40101 SET @OLD_SQL_MODE=@@SQL_MODE, SQL_MODE='NO_AUTO_VALUE_ON_ZERO' */;
/*!40111 SET @OLD_SQL_NOTES=@@SQL_NOTES, SQL_NOTES=0 */;

--
-- Table structure for table `artist`
--

DROP TABLE IF EXISTS `artist`;
/*!40101 SET @saved_cs_client     = @@character_set_client */;
/*!50503 SET character_set_client = utf8mb4 */;
CREATE TABLE `artist` (
  `id` bigint NOT NULL AUTO_INCREMENT COMMENT '艺人ID',
  `name` varchar(50) NOT NULL COMMENT '艺人姓名',
  `avatar` varchar(255) DEFAULT NULL COMMENT '头像URL',
  `intro` text COMMENT '艺人简介',
  `create_time` datetime DEFAULT CURRENT_TIMESTAMP,
  `update_time` datetime DEFAULT NULL COMMENT '更新时间',
  PRIMARY KEY (`id`)
) ENGINE=InnoDB AUTO_INCREMENT=13 DEFAULT CHARSET=utf8mb4 COLLATE=utf8mb4_0900_ai_ci COMMENT='艺人表';
/*!40101 SET character_set_client = @saved_cs_client */;

--
-- Dumping data for table `artist`
--

LOCK TABLES `artist` WRITE;
/*!40000 ALTER TABLE `artist` DISABLE KEYS */;
INSERT INTO `artist` VALUES (1,'周杰伦','https://example.com/artist/jaychou.jpg','华语流行乐男歌手、音乐人，被誉为“亚洲流行天王”。','2026-04-23 11:26:48','2026-04-28 10:35:12'),(2,'林俊杰','https://example.com/artist/linjunjie.jpg','华语流行乐男歌手、词曲创作人、音乐制作人。','2026-04-23 11:26:48','2026-04-28 10:35:12'),(3,'邓紫棋','https://example.com/artist/dengziqi.jpg','华语创作型女歌手，以高亢嗓音和创作才华著称。','2026-04-23 11:26:48','2026-04-28 10:35:12'),(4,'薛之谦','https://example.com/artist/xuezhiqian.jpg','华语流行乐男歌手、音乐制作人、影视演员。','2026-04-23 11:26:48','2026-04-28 10:35:12'),(5,'五月天','https://example.com/artist/mayday.jpg','中国台湾摇滚乐团，华语乐坛最具影响力的乐团之一。','2026-04-23 11:26:48','2026-04-28 10:35:12'),(6,'张杰','https://example.com/artist/zhangjie.jpg','华语流行男歌手，以高亢嘹亮的嗓音著称。','2026-04-23 11:26:48','2026-04-28 10:35:12'),(7,'周深','https://example.com/artist/zhoushen.jpg','中国内地男歌手，以其空灵独特的嗓音闻名。','2026-04-23 11:26:48','2026-04-28 10:35:12'),(8,'孙燕姿','https://example.com/artist/sunyanzi.jpg','新加坡籍华语流行乐女歌手，以独特唱腔和真挚情感著称。','2026-04-23 11:26:48','2026-04-28 10:35:12'),(9,'王力宏','https://example.com/artist/wanglihong.jpg','华语流行乐男歌手、音乐制作人、演员、导演。','2026-04-23 11:26:48','2026-04-28 10:35:12'),(10,'伍佰','https://example.com/artist/wubai.jpg','中国台湾摇滚乐男歌手、音乐人、演员。','2026-04-23 11:26:48','2026-04-28 10:35:12'),(12,'何阡陌','https://example.com/artist/linjunjie.jpg','关于何阡陌的简介-这是更新后的艺人简介','2026-04-29 17:22:11','2026-04-29 17:22:11');
/*!40000 ALTER TABLE `artist` ENABLE KEYS */;
UNLOCK TABLES;

--
-- Table structure for table `concert`
--

DROP TABLE IF EXISTS `concert`;
/*!40101 SET @saved_cs_client     = @@character_set_client */;
/*!50503 SET character_set_client = utf8mb4 */;
CREATE TABLE `concert` (
  `id` bigint NOT NULL AUTO_INCREMENT COMMENT '演出ID',
  `name` varchar(200) NOT NULL COMMENT '演出名称',
  `poster` varchar(255) DEFAULT NULL COMMENT '海报URL',
  `description` text COMMENT '演出简介',
  `status` tinyint DEFAULT '1' COMMENT '状态：0未开始 1热卖中 2已结束 3已取消',
  `create_time` datetime DEFAULT CURRENT_TIMESTAMP,
  `update_time` datetime DEFAULT CURRENT_TIMESTAMP ON UPDATE CURRENT_TIMESTAMP,
  PRIMARY KEY (`id`),
  KEY `idx_status` (`status`)
) ENGINE=InnoDB AUTO_INCREMENT=13 DEFAULT CHARSET=utf8mb4 COLLATE=utf8mb4_0900_ai_ci COMMENT='演出表';
/*!40101 SET character_set_client = @saved_cs_client */;

--
-- Dumping data for table `concert`
--

LOCK TABLES `concert` WRITE;
/*!40000 ALTER TABLE `concert` DISABLE KEYS */;
INSERT INTO `concert` VALUES (1,'周杰伦「嘉年华」世界巡回演唱会','https://example.com/poster/jaychou_carnival.jpg','周杰伦「嘉年华」世界巡回演唱会，以欢乐、嘉年华为主题，带来一场视听盛宴。',1,'2026-04-23 11:26:48','2026-04-28 10:28:05'),(2,'林俊杰「JJ20 FINAL LAP」世界巡回演唱会','https://example.com/poster/linjunjie_jj20.jpg','林俊杰 JJ20 世界巡回演唱会最终章，回顾 20 年音乐历程，感动呈现。',1,'2026-04-23 11:26:48','2026-04-28 10:28:08'),(3,'邓紫棋「GLORIA」世界巡回演唱会','https://example.com/poster/dengziqi_gloria.jpg','邓紫棋「GLORIA」世界巡回演唱会，以爱与信仰为主题，展现全新音乐篇章。',1,'2026-04-23 11:26:48','2026-04-28 10:28:10'),(4,'薛之谦「天外来物」巡回演唱会','https://example.com/poster/xuezhiqian_extraterrestrial.jpg','薛之谦「天外来物」巡回演唱会，以科幻、未来感为概念，打造沉浸式音乐体验。',2,'2026-04-23 11:26:48','2026-04-23 11:26:48'),(5,'五月天「回到那一天」25周年巡回演唱会','https://example.com/poster/mayday_backtothatday.jpg','五月天成军 25 周年纪念巡回演唱会，重温经典歌曲，与歌迷共同回忆青春。',2,'2026-04-23 11:26:48','2026-04-23 11:26:48'),(6,'张杰「未·LIVE—开往1982」巡回演唱会','https://example.com/poster/zhangjie_openlive.jpg','张杰「未·LIVE—开往1982」巡回演唱会，以音乐列车为概念，带领歌迷开启音乐之旅。',2,'2026-04-23 11:26:48','2026-04-23 11:26:48'),(7,'周深「深深的」巡回演唱会','https://example.com/poster/zhoushen_deep.jpg','周深「深深的」巡回演唱会，以其空灵嗓音和深情演绎，为歌迷带来一场治愈之旅。',3,'2026-04-23 11:26:48','2026-04-28 10:35:57'),(8,'孙燕姿「就在日落以后」巡回演唱会','https://example.com/poster/sunyanzi_afterthesunset.jpg','孙燕姿「就在日落以后」巡回演唱会，以温暖、治愈为主题，唱出岁月沉淀后的感动。',3,'2026-04-23 11:26:48','2026-04-28 10:28:28'),(9,'王力宏「最好的地方II」巡回演唱会','https://example.com/poster/wanglihong_bestplace2.jpg','王力宏「最好的地方II」巡回演唱会，出道 30 周年里程碑巡演，舞美全新升级。',0,'2026-04-23 11:26:48','2026-04-28 10:28:25'),(10,'伍佰 & China Blue「ROCK STAR 2」巡回演唱会','https://example.com/poster/wubai_rockstar2.jpg','伍佰 & China Blue「ROCK STAR 2」巡回演唱会，摇滚盛宴，万人合唱。',0,'2026-04-23 11:26:48','2026-04-28 10:28:19'),(12,'何阡陌','https://example.com/artist/xuezhiqian.jpg','这是何阡陌的演唱会-更新后',1,'2026-04-30 11:01:04','2026-04-30 11:01:04');
/*!40000 ALTER TABLE `concert` ENABLE KEYS */;
UNLOCK TABLES;

--
-- Table structure for table `concert_artist`
--

DROP TABLE IF EXISTS `concert_artist`;
/*!40101 SET @saved_cs_client     = @@character_set_client */;
/*!50503 SET character_set_client = utf8mb4 */;
CREATE TABLE `concert_artist` (
  `id` bigint NOT NULL AUTO_INCREMENT,
  `concert_id` bigint NOT NULL COMMENT '演出ID',
  `artist_id` bigint NOT NULL COMMENT '艺人ID',
  `create_time` datetime DEFAULT CURRENT_TIMESTAMP COMMENT '创建时间',
  PRIMARY KEY (`id`),
  UNIQUE KEY `uk_concert_artist` (`concert_id`,`artist_id`)
) ENGINE=InnoDB AUTO_INCREMENT=15 DEFAULT CHARSET=utf8mb4 COLLATE=utf8mb4_0900_ai_ci COMMENT='演出艺人关联表';
/*!40101 SET character_set_client = @saved_cs_client */;

--
-- Dumping data for table `concert_artist`
--

LOCK TABLES `concert_artist` WRITE;
/*!40000 ALTER TABLE `concert_artist` DISABLE KEYS */;
INSERT INTO `concert_artist` VALUES (1,1,1,'2026-04-27 18:07:41'),(2,2,2,'2026-04-27 18:07:41'),(3,3,3,'2026-04-27 18:07:41'),(4,4,4,'2026-04-27 18:07:41'),(5,5,5,'2026-04-27 18:07:41'),(6,6,6,'2026-04-27 18:07:41'),(7,7,7,'2026-04-27 18:07:41'),(8,8,8,'2026-04-27 18:07:41'),(9,9,9,'2026-04-27 18:07:41'),(10,10,10,'2026-04-27 18:07:41'),(14,12,12,'2026-04-30 11:02:35');
/*!40000 ALTER TABLE `concert_artist` ENABLE KEYS */;
UNLOCK TABLES;

--
-- Table structure for table `order`
--

DROP TABLE IF EXISTS `order`;
/*!40101 SET @saved_cs_client     = @@character_set_client */;
/*!50503 SET character_set_client = utf8mb4 */;
CREATE TABLE `order` (
  `id` bigint NOT NULL AUTO_INCREMENT COMMENT '订单ID',
  `order_no` varchar(32) NOT NULL COMMENT '订单号，唯一',
  `user_id` bigint NOT NULL COMMENT '用户ID',
  `show_id` bigint NOT NULL COMMENT '场次ID',
  `ticket_type_id` bigint NOT NULL COMMENT '票品ID',
  `total_amount` decimal(10,2) NOT NULL COMMENT '订单总金额',
  `seat_info` varchar(255) NOT NULL COMMENT '座位信息快照，如A区A5,A6',
  `status` tinyint DEFAULT '0' COMMENT '订单状态：0待支付 1已支付 2已取消 3已完成',
  `pickup_code` varchar(20) DEFAULT NULL,
  `pay_time` datetime DEFAULT NULL COMMENT '支付时间',
  `expire_time` datetime NOT NULL COMMENT '订单过期时间（如15分钟后未支付自动取消）',
  `create_time` datetime DEFAULT CURRENT_TIMESTAMP,
  `update_time` datetime DEFAULT CURRENT_TIMESTAMP ON UPDATE CURRENT_TIMESTAMP,
  PRIMARY KEY (`id`),
  UNIQUE KEY `uk_order_no` (`order_no`),
  KEY `idx_user` (`user_id`),
  KEY `idx_show` (`show_id`),
  KEY `idx_status_expire` (`status`,`expire_time`)
) ENGINE=InnoDB AUTO_INCREMENT=25 DEFAULT CHARSET=utf8mb4 COLLATE=utf8mb4_0900_ai_ci COMMENT='订单表';
/*!40101 SET character_set_client = @saved_cs_client */;

--
-- Dumping data for table `order`
--

LOCK TABLES `order` WRITE;
/*!40000 ALTER TABLE `order` DISABLE KEYS */;
INSERT INTO `order` VALUES (1,'ORD20260428001',1,1,1,1880.00,'A1',1,NULL,NULL,'2026-04-28 10:20:46','2026-04-28 09:20:46','2026-04-28 09:20:46'),(2,'ORD20260428002',1,1,2,2560.00,'A2,A3',2,NULL,NULL,'2026-04-28 09:35:46','2026-04-28 09:20:46','2026-04-28 09:36:00'),(3,'ORD20260428003',1,2,3,1680.00,'B1',2,NULL,NULL,'2026-04-27 09:20:46','2026-04-26 09:20:46','2026-04-28 09:20:46'),(13,'ORD1777340170001',1,1,1,1880.00,'A1',1,NULL,NULL,'2026-04-28 10:36:10','2026-04-28 09:36:10','2026-04-28 09:36:10'),(14,'ORD1777340170002',1,1,2,2560.00,'A2,A3',2,NULL,NULL,'2026-04-28 09:51:10','2026-04-28 09:36:10','2026-04-28 09:52:00'),(15,'ORD1777340170003',1,2,3,1680.00,'B1',2,NULL,NULL,'2026-04-27 09:36:10','2026-04-26 09:36:10','2026-04-28 09:36:10'),(17,'2066FCCA0F4E4541883D',1,1,1,1880.00,'[2]',2,NULL,NULL,'2026-04-29 15:12:14','2026-04-29 14:57:14','2026-04-29 15:40:02'),(18,'7E08B223928E4B819F9A',1,1,1,1880.00,'[3]',2,NULL,NULL,'2026-04-29 15:24:40','2026-04-29 15:09:40','2026-04-29 15:40:02'),(19,'6C48BE96BB114515A891',1,1,1,1880.00,'[4]',2,NULL,NULL,'2026-04-29 15:24:45','2026-04-29 15:09:45','2026-04-29 15:40:02'),(20,'F576316CE56F4ACBBC76',1,1,1,1880.00,'[6]',2,NULL,NULL,'2026-04-29 15:24:50','2026-04-29 15:09:50','2026-04-29 15:40:02'),(21,'DF548536AF99425AA0B1',1,1,2,1280.00,'[23]',2,NULL,NULL,'2026-04-29 15:26:44','2026-04-29 15:11:44','2026-04-29 15:40:02'),(22,'CBA796DE044747918006',1,1,2,1280.00,'[18]',2,NULL,NULL,'2026-04-29 16:08:34','2026-04-29 15:53:34','2026-04-29 16:13:03'),(23,'C08786AC8FAD49E685AE',1,1,2,1280.00,'[23]',1,'T4DP21VW','2026-04-29 16:13:25','2026-04-29 16:28:19','2026-04-29 16:13:19','2026-04-29 16:13:19');
/*!40000 ALTER TABLE `order` ENABLE KEYS */;
UNLOCK TABLES;

--
-- Table structure for table `order_seat`
--

DROP TABLE IF EXISTS `order_seat`;
/*!40101 SET @saved_cs_client     = @@character_set_client */;
/*!50503 SET character_set_client = utf8mb4 */;
CREATE TABLE `order_seat` (
  `id` bigint NOT NULL AUTO_INCREMENT,
  `order_id` bigint NOT NULL COMMENT '订单ID',
  `show_id` bigint NOT NULL COMMENT '场次ID',
  `seat_id` bigint NOT NULL COMMENT '座位ID',
  `create_time` datetime DEFAULT CURRENT_TIMESTAMP,
  `ticket_type_id` int NOT NULL,
  `price` decimal(10,2) NOT NULL DEFAULT '0.00' COMMENT '座位价格',
  `status` tinyint NOT NULL DEFAULT '0' COMMENT '0可用 1占用中 2锁定中',
  PRIMARY KEY (`id`),
  UNIQUE KEY `uk_show_seat` (`show_id`,`seat_id`),
  KEY `idx_order` (`order_id`)
) ENGINE=InnoDB AUTO_INCREMENT=15 DEFAULT CHARSET=utf8mb4 COLLATE=utf8mb4_0900_ai_ci COMMENT='订单座位关联表';
/*!40101 SET character_set_client = @saved_cs_client */;

--
-- Dumping data for table `order_seat`
--

LOCK TABLES `order_seat` WRITE;
/*!40000 ALTER TABLE `order_seat` DISABLE KEYS */;
INSERT INTO `order_seat` VALUES (1,1,1,13,'2026-04-28 09:42:27',1,1880.00,0),(2,2,1,10,'2026-04-28 09:42:27',2,1280.00,0),(3,2,1,7,'2026-04-28 09:42:27',2,1280.00,0),(5,3,2,74,'2026-04-28 09:42:27',3,1680.00,0),(13,23,1,23,'2026-04-29 16:13:19',2,1280.00,0);
/*!40000 ALTER TABLE `order_seat` ENABLE KEYS */;
UNLOCK TABLES;

--
-- Table structure for table `seat`
--

DROP TABLE IF EXISTS `seat`;
/*!40101 SET @saved_cs_client     = @@character_set_client */;
/*!50503 SET character_set_client = utf8mb4 */;
CREATE TABLE `seat` (
  `id` bigint NOT NULL AUTO_INCREMENT COMMENT '座位ID',
  `area_id` bigint NOT NULL COMMENT '所属区域ID',
  `row_code` varchar(5) CHARACTER SET utf8mb4 COLLATE utf8mb4_0900_ai_ci NOT NULL COMMENT '排号，如A、B',
  `col_num` int NOT NULL COMMENT '列号，从1开始',
  `seat_code` varchar(10) GENERATED ALWAYS AS (concat(`row_code`,`col_num`)) STORED COMMENT '座位编码，如A5',
  `status` int NOT NULL DEFAULT '0' COMMENT '座位状态：0空闲、1占用中、2锁定中',
  `create_time` datetime DEFAULT CURRENT_TIMESTAMP COMMENT '创建时间',
  `update_time` datetime DEFAULT CURRENT_TIMESTAMP ON UPDATE CURRENT_TIMESTAMP COMMENT '更新时间',
  PRIMARY KEY (`id`),
  UNIQUE KEY `uk_area_row_col` (`area_id`,`row_code`,`col_num`),
  KEY `idx_area` (`area_id`)
) ENGINE=InnoDB AUTO_INCREMENT=1024 DEFAULT CHARSET=utf8mb4 COLLATE=utf8mb4_0900_ai_ci COMMENT='座位表';
/*!40101 SET character_set_client = @saved_cs_client */;

--
-- Dumping data for table `seat`
--

LOCK TABLES `seat` WRITE;
/*!40000 ALTER TABLE `seat` DISABLE KEYS */;
INSERT INTO `seat` (`id`, `area_id`, `row_code`, `col_num`, `status`, `create_time`, `update_time`) VALUES (1,1,'A',5,0,'2026-04-28 11:28:20','2026-04-28 11:28:20'),(2,1,'B',5,0,'2026-04-28 11:28:20','2026-04-28 11:28:20'),(3,1,'C',5,0,'2026-04-28 11:28:20','2026-04-28 11:28:20'),(4,1,'A',4,0,'2026-04-28 11:28:20','2026-04-28 11:28:20'),(5,1,'B',4,0,'2026-04-28 11:28:20','2026-04-28 11:28:20'),(6,1,'C',4,0,'2026-04-28 11:28:20','2026-04-28 11:28:20'),(7,1,'A',3,0,'2026-04-28 11:28:20','2026-04-28 11:28:20'),(8,1,'B',3,0,'2026-04-28 11:28:20','2026-04-28 11:28:20'),(9,1,'C',3,0,'2026-04-28 11:28:20','2026-04-28 11:28:20'),(10,1,'A',2,0,'2026-04-28 11:28:20','2026-04-28 11:28:20'),(11,1,'B',2,0,'2026-04-28 11:28:20','2026-04-28 11:28:20'),(12,1,'C',2,0,'2026-04-28 11:28:20','2026-04-28 11:28:20'),(13,1,'A',1,0,'2026-04-28 11:28:20','2026-04-28 11:28:20'),(14,1,'B',1,0,'2026-04-28 11:28:20','2026-04-28 11:28:20'),(15,1,'C',1,0,'2026-04-28 11:28:20','2026-04-28 11:28:20'),(16,2,'A',5,0,'2026-04-28 11:28:20','2026-04-28 11:28:20'),(17,2,'B',5,0,'2026-04-28 11:28:20','2026-04-28 11:28:20'),(18,2,'C',5,0,'2026-04-28 11:28:20','2026-04-28 11:28:20'),(19,2,'A',4,0,'2026-04-28 11:28:20','2026-04-28 11:28:20'),(20,2,'B',4,0,'2026-04-28 11:28:20','2026-04-28 11:28:20'),(21,2,'C',4,0,'2026-04-28 11:28:20','2026-04-28 11:28:20'),(22,2,'A',3,0,'2026-04-28 11:28:20','2026-04-28 11:28:20'),(23,2,'B',3,0,'2026-04-28 11:28:20','2026-04-28 11:28:20'),(24,2,'C',3,0,'2026-04-28 11:28:20','2026-04-28 11:28:20'),(25,2,'A',2,0,'2026-04-28 11:28:20','2026-04-28 11:28:20'),(26,2,'B',2,0,'2026-04-28 11:28:20','2026-04-28 11:28:20'),(27,2,'C',2,0,'2026-04-28 11:28:20','2026-04-28 11:28:20'),(28,2,'A',1,0,'2026-04-28 11:28:20','2026-04-28 11:28:20'),(29,2,'B',1,0,'2026-04-28 11:28:20','2026-04-28 11:28:20'),(30,2,'C',1,0,'2026-04-28 11:28:20','2026-04-28 11:28:20'),(31,3,'A',5,0,'2026-04-28 11:28:20','2026-04-28 11:28:20'),(32,3,'B',5,0,'2026-04-28 11:28:20','2026-04-28 11:28:20'),(33,3,'C',5,0,'2026-04-28 11:28:20','2026-04-28 11:28:20'),(34,3,'A',4,0,'2026-04-28 11:28:20','2026-04-28 11:28:20'),(35,3,'B',4,0,'2026-04-28 11:28:20','2026-04-28 11:28:20'),(36,3,'C',4,0,'2026-04-28 11:28:20','2026-04-28 11:28:20'),(37,3,'A',3,0,'2026-04-28 11:28:20','2026-04-28 11:28:20'),(38,3,'B',3,0,'2026-04-28 11:28:20','2026-04-28 11:28:20'),(39,3,'C',3,0,'2026-04-28 11:28:20','2026-04-28 11:28:20'),(40,3,'A',2,0,'2026-04-28 11:28:20','2026-04-28 11:28:20'),(41,3,'B',2,0,'2026-04-28 11:28:20','2026-04-28 11:28:20'),(42,3,'C',2,0,'2026-04-28 11:28:20','2026-04-28 11:28:20'),(43,3,'A',1,0,'2026-04-28 11:28:20','2026-04-28 11:28:20'),(44,3,'B',1,0,'2026-04-28 11:28:20','2026-04-28 11:28:20'),(45,3,'C',1,0,'2026-04-28 11:28:20','2026-04-28 11:28:20'),(46,4,'A',5,0,'2026-04-28 11:28:20','2026-04-28 11:28:20'),(47,4,'B',5,0,'2026-04-28 11:28:20','2026-04-28 11:28:20'),(48,4,'C',5,0,'2026-04-28 11:28:20','2026-04-28 11:28:20'),(49,4,'A',4,0,'2026-04-28 11:28:20','2026-04-28 11:28:20'),(50,4,'B',4,0,'2026-04-28 11:28:20','2026-04-28 11:28:20'),(51,4,'C',4,0,'2026-04-28 11:28:20','2026-04-28 11:28:20'),(52,4,'A',3,0,'2026-04-28 11:28:20','2026-04-28 11:28:20'),(53,4,'B',3,0,'2026-04-28 11:28:20','2026-04-28 11:28:20'),(54,4,'C',3,0,'2026-04-28 11:28:20','2026-04-28 11:28:20'),(55,4,'A',2,0,'2026-04-28 11:28:20','2026-04-28 11:28:20'),(56,4,'B',2,0,'2026-04-28 11:28:20','2026-04-28 11:28:20'),(57,4,'C',2,0,'2026-04-28 11:28:20','2026-04-28 11:28:20'),(58,4,'A',1,0,'2026-04-28 11:28:20','2026-04-28 11:28:20'),(59,4,'B',1,0,'2026-04-28 11:28:20','2026-04-28 11:28:20'),(60,4,'C',1,0,'2026-04-28 11:28:20','2026-04-28 11:28:20'),(61,5,'A',5,0,'2026-04-28 11:28:20','2026-04-28 11:28:20'),(62,5,'B',5,0,'2026-04-28 11:28:20','2026-04-28 11:28:20'),(63,5,'C',5,0,'2026-04-28 11:28:20','2026-04-28 11:28:20'),(64,5,'A',4,0,'2026-04-28 11:28:20','2026-04-28 11:28:20'),(65,5,'B',4,0,'2026-04-28 11:28:20','2026-04-28 11:28:20'),(66,5,'C',4,0,'2026-04-28 11:28:20','2026-04-28 11:28:20'),(67,5,'A',3,0,'2026-04-28 11:28:20','2026-04-28 11:28:20'),(68,5,'B',3,0,'2026-04-28 11:28:20','2026-04-28 11:28:20'),(69,5,'C',3,0,'2026-04-28 11:28:20','2026-04-28 11:28:20'),(70,5,'A',2,0,'2026-04-28 11:28:20','2026-04-28 11:28:20'),(71,5,'B',2,0,'2026-04-28 11:28:20','2026-04-28 11:28:20'),(72,5,'C',2,0,'2026-04-28 11:28:20','2026-04-28 11:28:20'),(73,5,'A',1,0,'2026-04-28 11:28:20','2026-04-28 11:28:20'),(74,5,'B',1,0,'2026-04-28 11:28:20','2026-04-28 11:28:20'),(75,5,'C',1,0,'2026-04-28 11:28:20','2026-04-28 11:28:20'),(76,6,'A',5,0,'2026-04-28 11:28:20','2026-04-28 11:28:20'),(77,6,'B',5,0,'2026-04-28 11:28:20','2026-04-28 11:28:20'),(78,6,'C',5,0,'2026-04-28 11:28:20','2026-04-28 11:28:20'),(79,6,'A',4,0,'2026-04-28 11:28:20','2026-04-28 11:28:20'),(80,6,'B',4,0,'2026-04-28 11:28:20','2026-04-28 11:28:20'),(81,6,'C',4,0,'2026-04-28 11:28:20','2026-04-28 11:28:20'),(82,6,'A',3,0,'2026-04-28 11:28:20','2026-04-28 11:28:20'),(83,6,'B',3,0,'2026-04-28 11:28:20','2026-04-28 11:28:20'),(84,6,'C',3,0,'2026-04-28 11:28:20','2026-04-28 11:28:20'),(85,6,'A',2,0,'2026-04-28 11:28:20','2026-04-28 11:28:20'),(86,6,'B',2,0,'2026-04-28 11:28:20','2026-04-28 11:28:20'),(87,6,'C',2,0,'2026-04-28 11:28:20','2026-04-28 11:28:20'),(88,6,'A',1,0,'2026-04-28 11:28:20','2026-04-28 11:28:20'),(89,6,'B',1,0,'2026-04-28 11:28:20','2026-04-28 11:28:20'),(90,6,'C',1,0,'2026-04-28 11:28:20','2026-04-28 11:28:20'),(91,7,'A',5,0,'2026-04-28 11:28:20','2026-04-28 11:28:20'),(92,7,'B',5,0,'2026-04-28 11:28:20','2026-04-28 11:28:20'),(93,7,'C',5,0,'2026-04-28 11:28:20','2026-04-28 11:28:20'),(94,7,'A',4,0,'2026-04-28 11:28:20','2026-04-28 11:28:20'),(95,7,'B',4,0,'2026-04-28 11:28:20','2026-04-28 11:28:20'),(96,7,'C',4,0,'2026-04-28 11:28:20','2026-04-28 11:28:20'),(97,7,'A',3,0,'2026-04-28 11:28:20','2026-04-28 11:28:20'),(98,7,'B',3,0,'2026-04-28 11:28:20','2026-04-28 11:28:20'),(99,7,'C',3,0,'2026-04-28 11:28:20','2026-04-28 11:28:20'),(100,7,'A',2,0,'2026-04-28 11:28:20','2026-04-28 11:28:20'),(101,7,'B',2,0,'2026-04-28 11:28:20','2026-04-28 11:28:20'),(102,7,'C',2,0,'2026-04-28 11:28:20','2026-04-28 11:28:20'),(103,7,'A',1,0,'2026-04-28 11:28:20','2026-04-28 11:28:20'),(104,7,'B',1,0,'2026-04-28 11:28:20','2026-04-28 11:28:20'),(105,7,'C',1,0,'2026-04-28 11:28:20','2026-04-28 11:28:20'),(106,8,'A',5,0,'2026-04-28 11:28:20','2026-04-28 11:28:20'),(107,8,'B',5,0,'2026-04-28 11:28:20','2026-04-28 11:28:20'),(108,8,'C',5,0,'2026-04-28 11:28:20','2026-04-28 11:28:20'),(109,8,'A',4,0,'2026-04-28 11:28:20','2026-04-28 11:28:20'),(110,8,'B',4,0,'2026-04-28 11:28:20','2026-04-28 11:28:20'),(111,8,'C',4,0,'2026-04-28 11:28:20','2026-04-28 11:28:20'),(112,8,'A',3,0,'2026-04-28 11:28:20','2026-04-28 11:28:20'),(113,8,'B',3,0,'2026-04-28 11:28:20','2026-04-28 11:28:20'),(114,8,'C',3,0,'2026-04-28 11:28:20','2026-04-28 11:28:20'),(115,8,'A',2,0,'2026-04-28 11:28:20','2026-04-28 11:28:20'),(116,8,'B',2,0,'2026-04-28 11:28:20','2026-04-28 11:28:20'),(117,8,'C',2,0,'2026-04-28 11:28:20','2026-04-28 11:28:20'),(118,8,'A',1,0,'2026-04-28 11:28:20','2026-04-28 11:28:20'),(119,8,'B',1,0,'2026-04-28 11:28:20','2026-04-28 11:28:20'),(120,8,'C',1,0,'2026-04-28 11:28:20','2026-04-28 11:28:20'),(121,9,'A',5,0,'2026-04-28 11:28:20','2026-04-28 11:28:20'),(122,9,'B',5,0,'2026-04-28 11:28:20','2026-04-28 11:28:20'),(123,9,'C',5,0,'2026-04-28 11:28:20','2026-04-28 11:28:20'),(124,9,'A',4,0,'2026-04-28 11:28:20','2026-04-28 11:28:20'),(125,9,'B',4,0,'2026-04-28 11:28:20','2026-04-28 11:28:20'),(126,9,'C',4,0,'2026-04-28 11:28:20','2026-04-28 11:28:20'),(127,9,'A',3,0,'2026-04-28 11:28:20','2026-04-28 11:28:20'),(128,9,'B',3,0,'2026-04-28 11:28:20','2026-04-28 11:28:20'),(129,9,'C',3,0,'2026-04-28 11:28:20','2026-04-28 11:28:20'),(130,9,'A',2,0,'2026-04-28 11:28:20','2026-04-28 11:28:20'),(131,9,'B',2,0,'2026-04-28 11:28:20','2026-04-28 11:28:20'),(132,9,'C',2,0,'2026-04-28 11:28:20','2026-04-28 11:28:20'),(133,9,'A',1,0,'2026-04-28 11:28:20','2026-04-28 11:28:20'),(134,9,'B',1,0,'2026-04-28 11:28:20','2026-04-28 11:28:20'),(135,9,'C',1,0,'2026-04-28 11:28:20','2026-04-28 11:28:20'),(136,10,'A',5,0,'2026-04-28 11:28:20','2026-04-28 11:28:20'),(137,10,'B',5,0,'2026-04-28 11:28:20','2026-04-28 11:28:20'),(138,10,'C',5,0,'2026-04-28 11:28:20','2026-04-28 11:28:20'),(139,10,'A',4,0,'2026-04-28 11:28:20','2026-04-28 11:28:20'),(140,10,'B',4,0,'2026-04-28 11:28:20','2026-04-28 11:28:20'),(141,10,'C',4,0,'2026-04-28 11:28:20','2026-04-28 11:28:20'),(142,10,'A',3,0,'2026-04-28 11:28:20','2026-04-28 11:28:20'),(143,10,'B',3,0,'2026-04-28 11:28:20','2026-04-28 11:28:20'),(144,10,'C',3,0,'2026-04-28 11:28:20','2026-04-28 11:28:20'),(145,10,'A',2,0,'2026-04-28 11:28:20','2026-04-28 11:28:20'),(146,10,'B',2,0,'2026-04-28 11:28:20','2026-04-28 11:28:20'),(147,10,'C',2,0,'2026-04-28 11:28:20','2026-04-28 11:28:20'),(148,10,'A',1,0,'2026-04-28 11:28:20','2026-04-28 11:28:20'),(149,10,'B',1,0,'2026-04-28 11:28:20','2026-04-28 11:28:20'),(150,10,'C',1,0,'2026-04-28 11:28:20','2026-04-28 11:28:20'),(151,11,'A',5,0,'2026-04-28 11:28:20','2026-04-28 11:28:20'),(152,11,'B',5,0,'2026-04-28 11:28:20','2026-04-28 11:28:20'),(153,11,'C',5,0,'2026-04-28 11:28:20','2026-04-28 11:28:20'),(154,11,'A',4,0,'2026-04-28 11:28:20','2026-04-28 11:28:20'),(155,11,'B',4,0,'2026-04-28 11:28:20','2026-04-28 11:28:20'),(156,11,'C',4,0,'2026-04-28 11:28:20','2026-04-28 11:28:20'),(157,11,'A',3,0,'2026-04-28 11:28:20','2026-04-28 11:28:20'),(158,11,'B',3,0,'2026-04-28 11:28:20','2026-04-28 11:28:20'),(159,11,'C',3,0,'2026-04-28 11:28:20','2026-04-28 11:28:20'),(160,11,'A',2,0,'2026-04-28 11:28:20','2026-04-28 11:28:20'),(161,11,'B',2,0,'2026-04-28 11:28:20','2026-04-28 11:28:20'),(162,11,'C',2,0,'2026-04-28 11:28:20','2026-04-28 11:28:20'),(163,11,'A',1,0,'2026-04-28 11:28:20','2026-04-28 11:28:20'),(164,11,'B',1,0,'2026-04-28 11:28:20','2026-04-28 11:28:20'),(165,11,'C',1,0,'2026-04-28 11:28:20','2026-04-28 11:28:20'),(166,12,'A',5,0,'2026-04-28 11:28:20','2026-04-28 11:28:20'),(167,12,'B',5,0,'2026-04-28 11:28:20','2026-04-28 11:28:20'),(168,12,'C',5,0,'2026-04-28 11:28:20','2026-04-28 11:28:20'),(169,12,'A',4,0,'2026-04-28 11:28:20','2026-04-28 11:28:20'),(170,12,'B',4,0,'2026-04-28 11:28:20','2026-04-28 11:28:20'),(171,12,'C',4,0,'2026-04-28 11:28:20','2026-04-28 11:28:20'),(172,12,'A',3,0,'2026-04-28 11:28:20','2026-04-28 11:28:20'),(173,12,'B',3,0,'2026-04-28 11:28:20','2026-04-28 11:28:20'),(174,12,'C',3,0,'2026-04-28 11:28:20','2026-04-28 11:28:20'),(175,12,'A',2,0,'2026-04-28 11:28:20','2026-04-28 11:28:20'),(176,12,'B',2,0,'2026-04-28 11:28:20','2026-04-28 11:28:20'),(177,12,'C',2,0,'2026-04-28 11:28:20','2026-04-28 11:28:20'),(178,12,'A',1,0,'2026-04-28 11:28:20','2026-04-28 11:28:20'),(179,12,'B',1,0,'2026-04-28 11:28:20','2026-04-28 11:28:20'),(180,12,'C',1,0,'2026-04-28 11:28:20','2026-04-28 11:28:20'),(181,13,'A',5,0,'2026-04-28 11:28:20','2026-04-28 11:28:20'),(182,13,'B',5,0,'2026-04-28 11:28:20','2026-04-28 11:28:20'),(183,13,'C',5,0,'2026-04-28 11:28:20','2026-04-28 11:28:20'),(184,13,'A',4,0,'2026-04-28 11:28:20','2026-04-28 11:28:20'),(185,13,'B',4,0,'2026-04-28 11:28:20','2026-04-28 11:28:20'),(186,13,'C',4,0,'2026-04-28 11:28:20','2026-04-28 11:28:20'),(187,13,'A',3,0,'2026-04-28 11:28:20','2026-04-28 11:28:20'),(188,13,'B',3,0,'2026-04-28 11:28:20','2026-04-28 11:28:20'),(189,13,'C',3,0,'2026-04-28 11:28:20','2026-04-28 11:28:20'),(190,13,'A',2,0,'2026-04-28 11:28:20','2026-04-28 11:28:20'),(191,13,'B',2,0,'2026-04-28 11:28:20','2026-04-28 11:28:20'),(192,13,'C',2,0,'2026-04-28 11:28:20','2026-04-28 11:28:20'),(193,13,'A',1,0,'2026-04-28 11:28:20','2026-04-28 11:28:20'),(194,13,'B',1,0,'2026-04-28 11:28:20','2026-04-28 11:28:20'),(195,13,'C',1,0,'2026-04-28 11:28:20','2026-04-28 11:28:20'),(196,14,'A',5,0,'2026-04-28 11:28:20','2026-04-28 11:28:20'),(197,14,'B',5,0,'2026-04-28 11:28:20','2026-04-28 11:28:20'),(198,14,'C',5,0,'2026-04-28 11:28:20','2026-04-28 11:28:20'),(199,14,'A',4,0,'2026-04-28 11:28:20','2026-04-28 11:28:20'),(200,14,'B',4,0,'2026-04-28 11:28:20','2026-04-28 11:28:20'),(201,14,'C',4,0,'2026-04-28 11:28:20','2026-04-28 11:28:20'),(202,14,'A',3,0,'2026-04-28 11:28:20','2026-04-28 11:28:20'),(203,14,'B',3,0,'2026-04-28 11:28:20','2026-04-28 11:28:20'),(204,14,'C',3,0,'2026-04-28 11:28:20','2026-04-28 11:28:20'),(205,14,'A',2,0,'2026-04-28 11:28:20','2026-04-28 11:28:20'),(206,14,'B',2,0,'2026-04-28 11:28:20','2026-04-28 11:28:20'),(207,14,'C',2,0,'2026-04-28 11:28:20','2026-04-28 11:28:20'),(208,14,'A',1,0,'2026-04-28 11:28:20','2026-04-28 11:28:20'),(209,14,'B',1,0,'2026-04-28 11:28:20','2026-04-28 11:28:20'),(210,14,'C',1,0,'2026-04-28 11:28:20','2026-04-28 11:28:20'),(211,15,'A',5,0,'2026-04-28 11:28:20','2026-04-28 11:28:20'),(212,15,'B',5,0,'2026-04-28 11:28:20','2026-04-28 11:28:20'),(213,15,'C',5,0,'2026-04-28 11:28:20','2026-04-28 11:28:20'),(214,15,'A',4,0,'2026-04-28 11:28:20','2026-04-28 11:28:20'),(215,15,'B',4,0,'2026-04-28 11:28:20','2026-04-28 11:28:20'),(216,15,'C',4,0,'2026-04-28 11:28:20','2026-04-28 11:28:20'),(217,15,'A',3,0,'2026-04-28 11:28:20','2026-04-28 11:28:20'),(218,15,'B',3,0,'2026-04-28 11:28:20','2026-04-28 11:28:20'),(219,15,'C',3,0,'2026-04-28 11:28:20','2026-04-28 11:28:20'),(220,15,'A',2,0,'2026-04-28 11:28:20','2026-04-28 11:28:20'),(221,15,'B',2,0,'2026-04-28 11:28:20','2026-04-28 11:28:20'),(222,15,'C',2,0,'2026-04-28 11:28:20','2026-04-28 11:28:20'),(223,15,'A',1,0,'2026-04-28 11:28:20','2026-04-28 11:28:20'),(224,15,'B',1,0,'2026-04-28 11:28:20','2026-04-28 11:28:20'),(225,15,'C',1,0,'2026-04-28 11:28:20','2026-04-28 11:28:20'),(226,16,'A',5,0,'2026-04-28 11:28:20','2026-04-28 11:28:20'),(227,16,'B',5,0,'2026-04-28 11:28:20','2026-04-28 11:28:20'),(228,16,'C',5,0,'2026-04-28 11:28:20','2026-04-28 11:28:20'),(229,16,'A',4,0,'2026-04-28 11:28:20','2026-04-28 11:28:20'),(230,16,'B',4,0,'2026-04-28 11:28:20','2026-04-28 11:28:20'),(231,16,'C',4,0,'2026-04-28 11:28:20','2026-04-28 11:28:20'),(232,16,'A',3,0,'2026-04-28 11:28:20','2026-04-28 11:28:20'),(233,16,'B',3,0,'2026-04-28 11:28:20','2026-04-28 11:28:20'),(234,16,'C',3,0,'2026-04-28 11:28:20','2026-04-28 11:28:20'),(235,16,'A',2,0,'2026-04-28 11:28:20','2026-04-28 11:28:20'),(236,16,'B',2,0,'2026-04-28 11:28:20','2026-04-28 11:28:20'),(237,16,'C',2,0,'2026-04-28 11:28:20','2026-04-28 11:28:20'),(238,16,'A',1,0,'2026-04-28 11:28:20','2026-04-28 11:28:20'),(239,16,'B',1,0,'2026-04-28 11:28:20','2026-04-28 11:28:20'),(240,16,'C',1,0,'2026-04-28 11:28:20','2026-04-28 11:28:20'),(241,17,'A',5,0,'2026-04-28 11:28:20','2026-04-28 11:28:20'),(242,17,'B',5,0,'2026-04-28 11:28:20','2026-04-28 11:28:20'),(243,17,'C',5,0,'2026-04-28 11:28:20','2026-04-28 11:28:20'),(244,17,'A',4,0,'2026-04-28 11:28:20','2026-04-28 11:28:20'),(245,17,'B',4,0,'2026-04-28 11:28:20','2026-04-28 11:28:20'),(246,17,'C',4,0,'2026-04-28 11:28:20','2026-04-28 11:28:20'),(247,17,'A',3,0,'2026-04-28 11:28:20','2026-04-28 11:28:20'),(248,17,'B',3,0,'2026-04-28 11:28:20','2026-04-28 11:28:20'),(249,17,'C',3,0,'2026-04-28 11:28:20','2026-04-28 11:28:20'),(250,17,'A',2,0,'2026-04-28 11:28:20','2026-04-28 11:28:20'),(251,17,'B',2,0,'2026-04-28 11:28:20','2026-04-28 11:28:20'),(252,17,'C',2,0,'2026-04-28 11:28:20','2026-04-28 11:28:20'),(253,17,'A',1,0,'2026-04-28 11:28:20','2026-04-28 11:28:20'),(254,17,'B',1,0,'2026-04-28 11:28:20','2026-04-28 11:28:20'),(255,17,'C',1,0,'2026-04-28 11:28:20','2026-04-28 11:28:20'),(256,18,'A',5,0,'2026-04-28 11:28:20','2026-04-28 11:28:20'),(257,18,'B',5,0,'2026-04-28 11:28:20','2026-04-28 11:28:20'),(258,18,'C',5,0,'2026-04-28 11:28:20','2026-04-28 11:28:20'),(259,18,'A',4,0,'2026-04-28 11:28:20','2026-04-28 11:28:20'),(260,18,'B',4,0,'2026-04-28 11:28:20','2026-04-28 11:28:20'),(261,18,'C',4,0,'2026-04-28 11:28:20','2026-04-28 11:28:20'),(262,18,'A',3,0,'2026-04-28 11:28:20','2026-04-28 11:28:20'),(263,18,'B',3,0,'2026-04-28 11:28:20','2026-04-28 11:28:20'),(264,18,'C',3,0,'2026-04-28 11:28:20','2026-04-28 11:28:20'),(265,18,'A',2,0,'2026-04-28 11:28:20','2026-04-28 11:28:20'),(266,18,'B',2,0,'2026-04-28 11:28:20','2026-04-28 11:28:20'),(267,18,'C',2,0,'2026-04-28 11:28:20','2026-04-28 11:28:20'),(268,18,'A',1,0,'2026-04-28 11:28:20','2026-04-28 11:28:20'),(269,18,'B',1,0,'2026-04-28 11:28:20','2026-04-28 11:28:20'),(270,18,'C',1,0,'2026-04-28 11:28:20','2026-04-28 11:28:20'),(271,19,'A',5,0,'2026-04-28 11:28:20','2026-04-28 11:28:20'),(272,19,'B',5,0,'2026-04-28 11:28:20','2026-04-28 11:28:20'),(273,19,'C',5,0,'2026-04-28 11:28:20','2026-04-28 11:28:20'),(274,19,'A',4,0,'2026-04-28 11:28:20','2026-04-28 11:28:20'),(275,19,'B',4,0,'2026-04-28 11:28:20','2026-04-28 11:28:20'),(276,19,'C',4,0,'2026-04-28 11:28:20','2026-04-28 11:28:20'),(277,19,'A',3,0,'2026-04-28 11:28:20','2026-04-28 11:28:20'),(278,19,'B',3,0,'2026-04-28 11:28:20','2026-04-28 11:28:20'),(279,19,'C',3,0,'2026-04-28 11:28:20','2026-04-28 11:28:20'),(280,19,'A',2,0,'2026-04-28 11:28:20','2026-04-28 11:28:20'),(281,19,'B',2,0,'2026-04-28 11:28:20','2026-04-28 11:28:20'),(282,19,'C',2,0,'2026-04-28 11:28:20','2026-04-28 11:28:20'),(283,19,'A',1,0,'2026-04-28 11:28:20','2026-04-28 11:28:20'),(284,19,'B',1,0,'2026-04-28 11:28:20','2026-04-28 11:28:20'),(285,19,'C',1,0,'2026-04-28 11:28:20','2026-04-28 11:28:20'),(286,20,'A',5,0,'2026-04-28 11:28:20','2026-04-28 11:28:20'),(287,20,'B',5,0,'2026-04-28 11:28:20','2026-04-28 11:28:20'),(288,20,'C',5,0,'2026-04-28 11:28:20','2026-04-28 11:28:20'),(289,20,'A',4,0,'2026-04-28 11:28:20','2026-04-28 11:28:20'),(290,20,'B',4,0,'2026-04-28 11:28:20','2026-04-28 11:28:20'),(291,20,'C',4,0,'2026-04-28 11:28:20','2026-04-28 11:28:20'),(292,20,'A',3,0,'2026-04-28 11:28:20','2026-04-28 11:28:20'),(293,20,'B',3,0,'2026-04-28 11:28:20','2026-04-28 11:28:20'),(294,20,'C',3,0,'2026-04-28 11:28:20','2026-04-28 11:28:20'),(295,20,'A',2,0,'2026-04-28 11:28:20','2026-04-28 11:28:20'),(296,20,'B',2,0,'2026-04-28 11:28:20','2026-04-28 11:28:20'),(297,20,'C',2,0,'2026-04-28 11:28:20','2026-04-28 11:28:20'),(298,20,'A',1,0,'2026-04-28 11:28:20','2026-04-28 11:28:20'),(299,20,'B',1,0,'2026-04-28 11:28:20','2026-04-28 11:28:20'),(300,20,'C',1,0,'2026-04-28 11:28:20','2026-04-28 11:28:20'),(301,21,'A',5,0,'2026-04-28 11:28:20','2026-04-28 11:28:20'),(302,21,'B',5,0,'2026-04-28 11:28:20','2026-04-28 11:28:20'),(303,21,'C',5,0,'2026-04-28 11:28:20','2026-04-28 11:28:20'),(304,21,'A',4,0,'2026-04-28 11:28:20','2026-04-28 11:28:20'),(305,21,'B',4,0,'2026-04-28 11:28:20','2026-04-28 11:28:20'),(306,21,'C',4,0,'2026-04-28 11:28:20','2026-04-28 11:28:20'),(307,21,'A',3,0,'2026-04-28 11:28:20','2026-04-28 11:28:20'),(308,21,'B',3,0,'2026-04-28 11:28:20','2026-04-28 11:28:20'),(309,21,'C',3,0,'2026-04-28 11:28:20','2026-04-28 11:28:20'),(310,21,'A',2,0,'2026-04-28 11:28:20','2026-04-28 11:28:20'),(311,21,'B',2,0,'2026-04-28 11:28:20','2026-04-28 11:28:20'),(312,21,'C',2,0,'2026-04-28 11:28:20','2026-04-28 11:28:20'),(313,21,'A',1,0,'2026-04-28 11:28:20','2026-04-28 11:28:20'),(314,21,'B',1,0,'2026-04-28 11:28:20','2026-04-28 11:28:20'),(315,21,'C',1,0,'2026-04-28 11:28:20','2026-04-28 11:28:20'),(316,22,'A',5,0,'2026-04-28 11:28:20','2026-04-28 11:28:20'),(317,22,'B',5,0,'2026-04-28 11:28:20','2026-04-28 11:28:20'),(318,22,'C',5,0,'2026-04-28 11:28:20','2026-04-28 11:28:20'),(319,22,'A',4,0,'2026-04-28 11:28:20','2026-04-28 11:28:20'),(320,22,'B',4,0,'2026-04-28 11:28:20','2026-04-28 11:28:20'),(321,22,'C',4,0,'2026-04-28 11:28:20','2026-04-28 11:28:20'),(322,22,'A',3,0,'2026-04-28 11:28:20','2026-04-28 11:28:20'),(323,22,'B',3,0,'2026-04-28 11:28:20','2026-04-28 11:28:20'),(324,22,'C',3,0,'2026-04-28 11:28:20','2026-04-28 11:28:20'),(325,22,'A',2,0,'2026-04-28 11:28:20','2026-04-28 11:28:20'),(326,22,'B',2,0,'2026-04-28 11:28:20','2026-04-28 11:28:20'),(327,22,'C',2,0,'2026-04-28 11:28:20','2026-04-28 11:28:20'),(328,22,'A',1,0,'2026-04-28 11:28:20','2026-04-28 11:28:20'),(329,22,'B',1,0,'2026-04-28 11:28:20','2026-04-28 11:28:20'),(330,22,'C',1,0,'2026-04-28 11:28:20','2026-04-28 11:28:20'),(331,23,'A',5,0,'2026-04-28 11:28:20','2026-04-28 11:28:20'),(332,23,'B',5,0,'2026-04-28 11:28:20','2026-04-28 11:28:20'),(333,23,'C',5,0,'2026-04-28 11:28:20','2026-04-28 11:28:20'),(334,23,'A',4,0,'2026-04-28 11:28:20','2026-04-28 11:28:20'),(335,23,'B',4,0,'2026-04-28 11:28:20','2026-04-28 11:28:20'),(336,23,'C',4,0,'2026-04-28 11:28:20','2026-04-28 11:28:20'),(337,23,'A',3,0,'2026-04-28 11:28:20','2026-04-28 11:28:20'),(338,23,'B',3,0,'2026-04-28 11:28:20','2026-04-28 11:28:20'),(339,23,'C',3,0,'2026-04-28 11:28:20','2026-04-28 11:28:20'),(340,23,'A',2,0,'2026-04-28 11:28:20','2026-04-28 11:28:20'),(341,23,'B',2,0,'2026-04-28 11:28:20','2026-04-28 11:28:20'),(342,23,'C',2,0,'2026-04-28 11:28:20','2026-04-28 11:28:20'),(343,23,'A',1,0,'2026-04-28 11:28:20','2026-04-28 11:28:20'),(344,23,'B',1,0,'2026-04-28 11:28:20','2026-04-28 11:28:20'),(345,23,'C',1,0,'2026-04-28 11:28:20','2026-04-28 11:28:20'),(346,24,'A',5,0,'2026-04-28 11:28:20','2026-04-28 11:28:20'),(347,24,'B',5,0,'2026-04-28 11:28:20','2026-04-28 11:28:20'),(348,24,'C',5,0,'2026-04-28 11:28:20','2026-04-28 11:28:20'),(349,24,'A',4,0,'2026-04-28 11:28:20','2026-04-28 11:28:20'),(350,24,'B',4,0,'2026-04-28 11:28:20','2026-04-28 11:28:20'),(351,24,'C',4,0,'2026-04-28 11:28:20','2026-04-28 11:28:20'),(352,24,'A',3,0,'2026-04-28 11:28:20','2026-04-28 11:28:20'),(353,24,'B',3,0,'2026-04-28 11:28:20','2026-04-28 11:28:20'),(354,24,'C',3,0,'2026-04-28 11:28:20','2026-04-28 11:28:20'),(355,24,'A',2,0,'2026-04-28 11:28:20','2026-04-28 11:28:20'),(356,24,'B',2,0,'2026-04-28 11:28:20','2026-04-28 11:28:20'),(357,24,'C',2,0,'2026-04-28 11:28:20','2026-04-28 11:28:20'),(358,24,'A',1,0,'2026-04-28 11:28:20','2026-04-28 11:28:20'),(359,24,'B',1,0,'2026-04-28 11:28:20','2026-04-28 11:28:20'),(360,24,'C',1,0,'2026-04-28 11:28:20','2026-04-28 11:28:20'),(361,25,'A',5,0,'2026-04-28 11:28:20','2026-04-28 11:28:20'),(362,25,'B',5,0,'2026-04-28 11:28:20','2026-04-28 11:28:20'),(363,25,'C',5,0,'2026-04-28 11:28:20','2026-04-28 11:28:20'),(364,25,'A',4,0,'2026-04-28 11:28:20','2026-04-28 11:28:20'),(365,25,'B',4,0,'2026-04-28 11:28:20','2026-04-28 11:28:20'),(366,25,'C',4,0,'2026-04-28 11:28:20','2026-04-28 11:28:20'),(367,25,'A',3,0,'2026-04-28 11:28:20','2026-04-28 11:28:20'),(368,25,'B',3,0,'2026-04-28 11:28:20','2026-04-28 11:28:20'),(369,25,'C',3,0,'2026-04-28 11:28:20','2026-04-28 11:28:20'),(370,25,'A',2,0,'2026-04-28 11:28:20','2026-04-28 11:28:20'),(371,25,'B',2,0,'2026-04-28 11:28:20','2026-04-28 11:28:20'),(372,25,'C',2,0,'2026-04-28 11:28:20','2026-04-28 11:28:20'),(373,25,'A',1,0,'2026-04-28 11:28:20','2026-04-28 11:28:20'),(374,25,'B',1,0,'2026-04-28 11:28:20','2026-04-28 11:28:20'),(375,25,'C',1,0,'2026-04-28 11:28:20','2026-04-28 11:28:20'),(376,26,'A',5,0,'2026-04-28 11:28:20','2026-04-28 11:28:20'),(377,26,'B',5,0,'2026-04-28 11:28:20','2026-04-28 11:28:20'),(378,26,'C',5,0,'2026-04-28 11:28:20','2026-04-28 11:28:20'),(379,26,'A',4,0,'2026-04-28 11:28:20','2026-04-28 11:28:20'),(380,26,'B',4,0,'2026-04-28 11:28:20','2026-04-28 11:28:20'),(381,26,'C',4,0,'2026-04-28 11:28:20','2026-04-28 11:28:20'),(382,26,'A',3,0,'2026-04-28 11:28:20','2026-04-28 11:28:20'),(383,26,'B',3,0,'2026-04-28 11:28:20','2026-04-28 11:28:20'),(384,26,'C',3,0,'2026-04-28 11:28:20','2026-04-28 11:28:20'),(385,26,'A',2,0,'2026-04-28 11:28:20','2026-04-28 11:28:20'),(386,26,'B',2,0,'2026-04-28 11:28:20','2026-04-28 11:28:20'),(387,26,'C',2,0,'2026-04-28 11:28:20','2026-04-28 11:28:20'),(388,26,'A',1,0,'2026-04-28 11:28:20','2026-04-28 11:28:20'),(389,26,'B',1,0,'2026-04-28 11:28:20','2026-04-28 11:28:20'),(390,26,'C',1,0,'2026-04-28 11:28:20','2026-04-28 11:28:20'),(391,27,'A',5,0,'2026-04-28 11:28:20','2026-04-28 11:28:20'),(392,27,'B',5,0,'2026-04-28 11:28:20','2026-04-28 11:28:20'),(393,27,'C',5,0,'2026-04-28 11:28:20','2026-04-28 11:28:20'),(394,27,'A',4,0,'2026-04-28 11:28:20','2026-04-28 11:28:20'),(395,27,'B',4,0,'2026-04-28 11:28:20','2026-04-28 11:28:20'),(396,27,'C',4,0,'2026-04-28 11:28:20','2026-04-28 11:28:20'),(397,27,'A',3,0,'2026-04-28 11:28:20','2026-04-28 11:28:20'),(398,27,'B',3,0,'2026-04-28 11:28:20','2026-04-28 11:28:20'),(399,27,'C',3,0,'2026-04-28 11:28:20','2026-04-28 11:28:20'),(400,27,'A',2,0,'2026-04-28 11:28:20','2026-04-28 11:28:20'),(401,27,'B',2,0,'2026-04-28 11:28:20','2026-04-28 11:28:20'),(402,27,'C',2,0,'2026-04-28 11:28:20','2026-04-28 11:28:20'),(403,27,'A',1,0,'2026-04-28 11:28:20','2026-04-28 11:28:20'),(404,27,'B',1,0,'2026-04-28 11:28:20','2026-04-28 11:28:20'),(405,27,'C',1,0,'2026-04-28 11:28:20','2026-04-28 11:28:20'),(406,28,'A',5,0,'2026-04-28 11:28:20','2026-04-28 11:28:20'),(407,28,'B',5,0,'2026-04-28 11:28:20','2026-04-28 11:28:20'),(408,28,'C',5,0,'2026-04-28 11:28:20','2026-04-28 11:28:20'),(409,28,'A',4,0,'2026-04-28 11:28:20','2026-04-28 11:28:20'),(410,28,'B',4,0,'2026-04-28 11:28:20','2026-04-28 11:28:20'),(411,28,'C',4,0,'2026-04-28 11:28:20','2026-04-28 11:28:20'),(412,28,'A',3,0,'2026-04-28 11:28:20','2026-04-28 11:28:20'),(413,28,'B',3,0,'2026-04-28 11:28:20','2026-04-28 11:28:20'),(414,28,'C',3,0,'2026-04-28 11:28:20','2026-04-28 11:28:20'),(415,28,'A',2,0,'2026-04-28 11:28:20','2026-04-28 11:28:20'),(416,28,'B',2,0,'2026-04-28 11:28:20','2026-04-28 11:28:20'),(417,28,'C',2,0,'2026-04-28 11:28:20','2026-04-28 11:28:20'),(418,28,'A',1,0,'2026-04-28 11:28:20','2026-04-28 11:28:20'),(419,28,'B',1,0,'2026-04-28 11:28:20','2026-04-28 11:28:20'),(420,28,'C',1,0,'2026-04-28 11:28:20','2026-04-28 11:28:20'),(421,29,'A',5,0,'2026-04-28 11:28:20','2026-04-28 11:28:20'),(422,29,'B',5,0,'2026-04-28 11:28:20','2026-04-28 11:28:20'),(423,29,'C',5,0,'2026-04-28 11:28:20','2026-04-28 11:28:20'),(424,29,'A',4,0,'2026-04-28 11:28:20','2026-04-28 11:28:20'),(425,29,'B',4,0,'2026-04-28 11:28:20','2026-04-28 11:28:20'),(426,29,'C',4,0,'2026-04-28 11:28:20','2026-04-28 11:28:20'),(427,29,'A',3,0,'2026-04-28 11:28:20','2026-04-28 11:28:20'),(428,29,'B',3,0,'2026-04-28 11:28:20','2026-04-28 11:28:20'),(429,29,'C',3,0,'2026-04-28 11:28:20','2026-04-28 11:28:20'),(430,29,'A',2,0,'2026-04-28 11:28:20','2026-04-28 11:28:20'),(431,29,'B',2,0,'2026-04-28 11:28:20','2026-04-28 11:28:20'),(432,29,'C',2,0,'2026-04-28 11:28:20','2026-04-28 11:28:20'),(433,29,'A',1,0,'2026-04-28 11:28:20','2026-04-28 11:28:20'),(434,29,'B',1,0,'2026-04-28 11:28:20','2026-04-28 11:28:20'),(435,29,'C',1,0,'2026-04-28 11:28:20','2026-04-28 11:28:20'),(436,30,'A',5,0,'2026-04-28 11:28:20','2026-04-28 11:28:20'),(437,30,'B',5,0,'2026-04-28 11:28:20','2026-04-28 11:28:20'),(438,30,'C',5,0,'2026-04-28 11:28:20','2026-04-28 11:28:20'),(439,30,'A',4,0,'2026-04-28 11:28:20','2026-04-28 11:28:20'),(440,30,'B',4,0,'2026-04-28 11:28:20','2026-04-28 11:28:20'),(441,30,'C',4,0,'2026-04-28 11:28:20','2026-04-28 11:28:20'),(442,30,'A',3,0,'2026-04-28 11:28:20','2026-04-28 11:28:20'),(443,30,'B',3,0,'2026-04-28 11:28:20','2026-04-28 11:28:20'),(444,30,'C',3,0,'2026-04-28 11:28:20','2026-04-28 11:28:20'),(445,30,'A',2,0,'2026-04-28 11:28:20','2026-04-28 11:28:20'),(446,30,'B',2,0,'2026-04-28 11:28:20','2026-04-28 11:28:20'),(447,30,'C',2,0,'2026-04-28 11:28:20','2026-04-28 11:28:20'),(448,30,'A',1,0,'2026-04-28 11:28:20','2026-04-28 11:28:20'),(449,30,'B',1,0,'2026-04-28 11:28:20','2026-04-28 11:28:20'),(450,30,'C',1,0,'2026-04-28 11:28:20','2026-04-28 11:28:20'),(451,31,'A',5,0,'2026-04-28 11:28:20','2026-04-28 11:28:20'),(452,31,'B',5,0,'2026-04-28 11:28:20','2026-04-28 11:28:20'),(453,31,'C',5,0,'2026-04-28 11:28:20','2026-04-28 11:28:20'),(454,31,'A',4,0,'2026-04-28 11:28:20','2026-04-28 11:28:20'),(455,31,'B',4,0,'2026-04-28 11:28:20','2026-04-28 11:28:20'),(456,31,'C',4,0,'2026-04-28 11:28:20','2026-04-28 11:28:20'),(457,31,'A',3,0,'2026-04-28 11:28:20','2026-04-28 11:28:20'),(458,31,'B',3,0,'2026-04-28 11:28:20','2026-04-28 11:28:20'),(459,31,'C',3,0,'2026-04-28 11:28:20','2026-04-28 11:28:20'),(460,31,'A',2,0,'2026-04-28 11:28:20','2026-04-28 11:28:20'),(461,31,'B',2,0,'2026-04-28 11:28:20','2026-04-28 11:28:20'),(462,31,'C',2,0,'2026-04-28 11:28:20','2026-04-28 11:28:20'),(463,31,'A',1,0,'2026-04-28 11:28:20','2026-04-28 11:28:20'),(464,31,'B',1,0,'2026-04-28 11:28:20','2026-04-28 11:28:20'),(465,31,'C',1,0,'2026-04-28 11:28:20','2026-04-28 11:28:20'),(466,32,'A',5,0,'2026-04-28 11:28:20','2026-04-28 11:28:20'),(467,32,'B',5,0,'2026-04-28 11:28:20','2026-04-28 11:28:20'),(468,32,'C',5,0,'2026-04-28 11:28:20','2026-04-28 11:28:20'),(469,32,'A',4,0,'2026-04-28 11:28:20','2026-04-28 11:28:20'),(470,32,'B',4,0,'2026-04-28 11:28:20','2026-04-28 11:28:20'),(471,32,'C',4,0,'2026-04-28 11:28:20','2026-04-28 11:28:20'),(472,32,'A',3,0,'2026-04-28 11:28:20','2026-04-28 11:28:20'),(473,32,'B',3,0,'2026-04-28 11:28:20','2026-04-28 11:28:20'),(474,32,'C',3,0,'2026-04-28 11:28:20','2026-04-28 11:28:20'),(475,32,'A',2,0,'2026-04-28 11:28:20','2026-04-28 11:28:20'),(476,32,'B',2,0,'2026-04-28 11:28:20','2026-04-28 11:28:20'),(477,32,'C',2,0,'2026-04-28 11:28:20','2026-04-28 11:28:20'),(478,32,'A',1,0,'2026-04-28 11:28:20','2026-04-28 11:28:20'),(479,32,'B',1,0,'2026-04-28 11:28:20','2026-04-28 11:28:20'),(480,32,'C',1,0,'2026-04-28 11:28:20','2026-04-28 11:28:20'),(481,33,'A',5,0,'2026-04-28 11:28:20','2026-04-28 11:28:20'),(482,33,'B',5,0,'2026-04-28 11:28:20','2026-04-28 11:28:20'),(483,33,'C',5,0,'2026-04-28 11:28:20','2026-04-28 11:28:20'),(484,33,'A',4,0,'2026-04-28 11:28:20','2026-04-28 11:28:20'),(485,33,'B',4,0,'2026-04-28 11:28:20','2026-04-28 11:28:20'),(486,33,'C',4,0,'2026-04-28 11:28:20','2026-04-28 11:28:20'),(487,33,'A',3,0,'2026-04-28 11:28:20','2026-04-28 11:28:20'),(488,33,'B',3,0,'2026-04-28 11:28:20','2026-04-28 11:28:20'),(489,33,'C',3,0,'2026-04-28 11:28:20','2026-04-28 11:28:20'),(490,33,'A',2,0,'2026-04-28 11:28:20','2026-04-28 11:28:20'),(491,33,'B',2,0,'2026-04-28 11:28:20','2026-04-28 11:28:20'),(492,33,'C',2,0,'2026-04-28 11:28:20','2026-04-28 11:28:20'),(493,33,'A',1,0,'2026-04-28 11:28:20','2026-04-28 11:28:20'),(494,33,'B',1,0,'2026-04-28 11:28:20','2026-04-28 11:28:20'),(495,33,'C',1,0,'2026-04-28 11:28:20','2026-04-28 11:28:20'),(496,34,'A',5,0,'2026-04-28 11:28:20','2026-04-28 11:28:20'),(497,34,'B',5,0,'2026-04-28 11:28:20','2026-04-28 11:28:20'),(498,34,'C',5,0,'2026-04-28 11:28:20','2026-04-28 11:28:20'),(499,34,'A',4,0,'2026-04-28 11:28:20','2026-04-28 11:28:20'),(500,34,'B',4,0,'2026-04-28 11:28:20','2026-04-28 11:28:20'),(501,34,'C',4,0,'2026-04-28 11:28:20','2026-04-28 11:28:20'),(502,34,'A',3,0,'2026-04-28 11:28:20','2026-04-28 11:28:20'),(503,34,'B',3,0,'2026-04-28 11:28:20','2026-04-28 11:28:20'),(504,34,'C',3,0,'2026-04-28 11:28:20','2026-04-28 11:28:20'),(505,34,'A',2,0,'2026-04-28 11:28:20','2026-04-28 11:28:20'),(506,34,'B',2,0,'2026-04-28 11:28:20','2026-04-28 11:28:20'),(507,34,'C',2,0,'2026-04-28 11:28:20','2026-04-28 11:28:20'),(508,34,'A',1,0,'2026-04-28 11:28:20','2026-04-28 11:28:20'),(509,34,'B',1,0,'2026-04-28 11:28:20','2026-04-28 11:28:20'),(510,34,'C',1,0,'2026-04-28 11:28:20','2026-04-28 11:28:20'),(511,35,'A',5,0,'2026-04-28 11:28:20','2026-04-28 11:28:20'),(512,35,'B',5,0,'2026-04-28 11:28:20','2026-04-28 11:28:20'),(513,35,'C',5,0,'2026-04-28 11:28:20','2026-04-28 11:28:20'),(514,35,'A',4,0,'2026-04-28 11:28:20','2026-04-28 11:28:20'),(515,35,'B',4,0,'2026-04-28 11:28:20','2026-04-28 11:28:20'),(516,35,'C',4,0,'2026-04-28 11:28:20','2026-04-28 11:28:20'),(517,35,'A',3,0,'2026-04-28 11:28:20','2026-04-28 11:28:20'),(518,35,'B',3,0,'2026-04-28 11:28:20','2026-04-28 11:28:20'),(519,35,'C',3,0,'2026-04-28 11:28:20','2026-04-28 11:28:20'),(520,35,'A',2,0,'2026-04-28 11:28:20','2026-04-28 11:28:20'),(521,35,'B',2,0,'2026-04-28 11:28:20','2026-04-28 11:28:20'),(522,35,'C',2,0,'2026-04-28 11:28:20','2026-04-28 11:28:20'),(523,35,'A',1,0,'2026-04-28 11:28:20','2026-04-28 11:28:20'),(524,35,'B',1,0,'2026-04-28 11:28:20','2026-04-28 11:28:20'),(525,35,'C',1,0,'2026-04-28 11:28:20','2026-04-28 11:28:20'),(526,36,'A',5,0,'2026-04-28 11:28:20','2026-04-28 11:28:20'),(527,36,'B',5,0,'2026-04-28 11:28:20','2026-04-28 11:28:20'),(528,36,'C',5,0,'2026-04-28 11:28:20','2026-04-28 11:28:20'),(529,36,'A',4,0,'2026-04-28 11:28:20','2026-04-28 11:28:20'),(530,36,'B',4,0,'2026-04-28 11:28:20','2026-04-28 11:28:20'),(531,36,'C',4,0,'2026-04-28 11:28:20','2026-04-28 11:28:20'),(532,36,'A',3,0,'2026-04-28 11:28:20','2026-04-28 11:28:20'),(533,36,'B',3,0,'2026-04-28 11:28:20','2026-04-28 11:28:20'),(534,36,'C',3,0,'2026-04-28 11:28:20','2026-04-28 11:28:20'),(535,36,'A',2,0,'2026-04-28 11:28:20','2026-04-28 11:28:20'),(536,36,'B',2,0,'2026-04-28 11:28:20','2026-04-28 11:28:20'),(537,36,'C',2,0,'2026-04-28 11:28:20','2026-04-28 11:28:20'),(538,36,'A',1,0,'2026-04-28 11:28:20','2026-04-28 11:28:20'),(539,36,'B',1,0,'2026-04-28 11:28:20','2026-04-28 11:28:20'),(540,36,'C',1,0,'2026-04-28 11:28:20','2026-04-28 11:28:20'),(541,37,'A',5,0,'2026-04-28 11:28:20','2026-04-28 11:28:20'),(542,37,'B',5,0,'2026-04-28 11:28:20','2026-04-28 11:28:20'),(543,37,'C',5,0,'2026-04-28 11:28:20','2026-04-28 11:28:20'),(544,37,'A',4,0,'2026-04-28 11:28:20','2026-04-28 11:28:20'),(545,37,'B',4,0,'2026-04-28 11:28:20','2026-04-28 11:28:20'),(546,37,'C',4,0,'2026-04-28 11:28:20','2026-04-28 11:28:20'),(547,37,'A',3,0,'2026-04-28 11:28:20','2026-04-28 11:28:20'),(548,37,'B',3,0,'2026-04-28 11:28:20','2026-04-28 11:28:20'),(549,37,'C',3,0,'2026-04-28 11:28:20','2026-04-28 11:28:20'),(550,37,'A',2,0,'2026-04-28 11:28:20','2026-04-28 11:28:20'),(551,37,'B',2,0,'2026-04-28 11:28:20','2026-04-28 11:28:20'),(552,37,'C',2,0,'2026-04-28 11:28:20','2026-04-28 11:28:20'),(553,37,'A',1,0,'2026-04-28 11:28:20','2026-04-28 11:28:20'),(554,37,'B',1,0,'2026-04-28 11:28:20','2026-04-28 11:28:20'),(555,37,'C',1,0,'2026-04-28 11:28:20','2026-04-28 11:28:20'),(556,38,'A',5,0,'2026-04-28 11:28:20','2026-04-28 11:28:20'),(557,38,'B',5,0,'2026-04-28 11:28:20','2026-04-28 11:28:20'),(558,38,'C',5,0,'2026-04-28 11:28:20','2026-04-28 11:28:20'),(559,38,'A',4,0,'2026-04-28 11:28:20','2026-04-28 11:28:20'),(560,38,'B',4,0,'2026-04-28 11:28:20','2026-04-28 11:28:20'),(561,38,'C',4,0,'2026-04-28 11:28:20','2026-04-28 11:28:20'),(562,38,'A',3,0,'2026-04-28 11:28:20','2026-04-28 11:28:20'),(563,38,'B',3,0,'2026-04-28 11:28:20','2026-04-28 11:28:20'),(564,38,'C',3,0,'2026-04-28 11:28:20','2026-04-28 11:28:20'),(565,38,'A',2,0,'2026-04-28 11:28:20','2026-04-28 11:28:20'),(566,38,'B',2,0,'2026-04-28 11:28:20','2026-04-28 11:28:20'),(567,38,'C',2,0,'2026-04-28 11:28:20','2026-04-28 11:28:20'),(568,38,'A',1,0,'2026-04-28 11:28:20','2026-04-28 11:28:20'),(569,38,'B',1,0,'2026-04-28 11:28:20','2026-04-28 11:28:20'),(570,38,'C',1,0,'2026-04-28 11:28:20','2026-04-28 11:28:20'),(571,39,'A',5,0,'2026-04-28 11:28:20','2026-04-28 11:28:20'),(572,39,'B',5,0,'2026-04-28 11:28:20','2026-04-28 11:28:20'),(573,39,'C',5,0,'2026-04-28 11:28:20','2026-04-28 11:28:20'),(574,39,'A',4,0,'2026-04-28 11:28:20','2026-04-28 11:28:20'),(575,39,'B',4,0,'2026-04-28 11:28:20','2026-04-28 11:28:20'),(576,39,'C',4,0,'2026-04-28 11:28:20','2026-04-28 11:28:20'),(577,39,'A',3,0,'2026-04-28 11:28:20','2026-04-28 11:28:20'),(578,39,'B',3,0,'2026-04-28 11:28:20','2026-04-28 11:28:20'),(579,39,'C',3,0,'2026-04-28 11:28:20','2026-04-28 11:28:20'),(580,39,'A',2,0,'2026-04-28 11:28:20','2026-04-28 11:28:20'),(581,39,'B',2,0,'2026-04-28 11:28:20','2026-04-28 11:28:20'),(582,39,'C',2,0,'2026-04-28 11:28:20','2026-04-28 11:28:20'),(583,39,'A',1,0,'2026-04-28 11:28:20','2026-04-28 11:28:20'),(584,39,'B',1,0,'2026-04-28 11:28:20','2026-04-28 11:28:20'),(585,39,'C',1,0,'2026-04-28 11:28:20','2026-04-28 11:28:20');
/*!40000 ALTER TABLE `seat` ENABLE KEYS */;
UNLOCK TABLES;

--
-- Table structure for table `seat_area`
--

DROP TABLE IF EXISTS `seat_area`;
/*!40101 SET @saved_cs_client     = @@character_set_client */;
/*!50503 SET character_set_client = utf8mb4 */;
CREATE TABLE `seat_area` (
  `id` bigint NOT NULL AUTO_INCREMENT COMMENT '区域ID',
  `venue_id` bigint NOT NULL COMMENT '场馆ID',
  `name` varchar(50) NOT NULL COMMENT '区域名称，如A区、内场VIP',
  `color` varchar(20) DEFAULT NULL COMMENT '座位图显示颜色',
  `row_num` int NOT NULL COMMENT '该区域行数',
  `col_num` int NOT NULL COMMENT '该区域列数',
  `create_time` datetime DEFAULT CURRENT_TIMESTAMP,
  `capacity` bigint NOT NULL DEFAULT '9999' COMMENT '区域容量',
  `update_time` datetime DEFAULT CURRENT_TIMESTAMP,
  PRIMARY KEY (`id`),
  KEY `idx_venue` (`venue_id`)
) ENGINE=InnoDB AUTO_INCREMENT=40 DEFAULT CHARSET=utf8mb4 COLLATE=utf8mb4_0900_ai_ci COMMENT='座位区域表';
/*!40101 SET character_set_client = @saved_cs_client */;

--
-- Dumping data for table `seat_area`
--

LOCK TABLES `seat_area` WRITE;
/*!40000 ALTER TABLE `seat_area` DISABLE KEYS */;
INSERT INTO `seat_area` VALUES (1,1,'内场 VIP 区','#FF6B6B',10,20,'2026-04-23 11:26:48',9999,'2026-04-28 11:36:01'),(2,1,'内场 A 区','#4ECDC4',15,25,'2026-04-23 11:26:48',9999,'2026-04-28 11:36:01'),(3,1,'看台 B 区','#FFE66D',20,30,'2026-04-23 11:26:48',9999,'2026-04-28 11:36:01'),(4,1,'看台 C 区','#95E77E',20,30,'2026-04-23 11:26:48',9999,'2026-04-28 11:36:01'),(5,2,'内场 VIP 区','#FF6B6B',8,20,'2026-04-23 11:26:48',9999,'2026-04-28 11:36:01'),(6,2,'内场 A 区','#4ECDC4',12,25,'2026-04-23 11:26:48',9999,'2026-04-28 11:36:01'),(7,2,'看台 B 区','#FFE66D',18,30,'2026-04-23 11:26:48',9999,'2026-04-28 11:36:01'),(8,2,'看台 C 区','#95E77E',18,30,'2026-04-23 11:26:48',9999,'2026-04-28 11:36:01'),(9,3,'内场 VIP 区','#FF6B6B',10,20,'2026-04-23 11:26:48',9999,'2026-04-28 11:36:01'),(10,3,'内场 A 区','#4ECDC4',15,25,'2026-04-23 11:26:48',9999,'2026-04-28 11:36:01'),(11,3,'看台 B 区','#FFE66D',20,30,'2026-04-23 11:26:48',9999,'2026-04-28 11:36:01'),(12,4,'内场 VIP 区','#FF6B6B',8,20,'2026-04-23 11:26:48',9999,'2026-04-28 11:36:01'),(13,4,'内场 A 区','#4ECDC4',12,25,'2026-04-23 11:26:48',9999,'2026-04-28 11:36:01'),(14,4,'看台 B 区','#FFE66D',18,30,'2026-04-23 11:26:48',9999,'2026-04-28 11:36:01'),(15,5,'内场 VIP 区','#FF6B6B',10,20,'2026-04-23 11:26:48',9999,'2026-04-28 11:36:01'),(16,5,'内场 A 区','#4ECDC4',15,25,'2026-04-23 11:26:48',9999,'2026-04-28 11:36:01'),(17,5,'看台 B 区','#FFE66D',20,30,'2026-04-23 11:26:48',9999,'2026-04-28 11:36:01'),(18,6,'内场 VIP 区','#FF6B6B',10,20,'2026-04-23 11:26:48',9999,'2026-04-28 11:36:01'),(19,6,'内场 A 区','#4ECDC4',15,25,'2026-04-23 11:26:48',9999,'2026-04-28 11:36:01'),(20,6,'看台 B 区','#FFE66D',20,30,'2026-04-23 11:26:48',9999,'2026-04-28 11:36:01'),(21,7,'内场 VIP 区','#FF6B6B',8,20,'2026-04-23 11:26:48',9999,'2026-04-28 11:36:01'),(22,7,'内场 A 区','#4ECDC4',12,25,'2026-04-23 11:26:48',9999,'2026-04-28 11:36:01'),(23,7,'看台 B 区','#FFE66D',18,30,'2026-04-23 11:26:48',9999,'2026-04-28 11:36:01'),(24,8,'内场 VIP 区','#FF6B6B',10,20,'2026-04-23 11:26:48',9999,'2026-04-28 11:36:01'),(25,8,'内场 A 区','#4ECDC4',15,25,'2026-04-23 11:26:48',9999,'2026-04-28 11:36:01'),(26,8,'看台 B 区','#FFE66D',20,30,'2026-04-23 11:26:48',9999,'2026-04-28 11:36:01'),(27,9,'内场 VIP 区','#FF6B6B',12,25,'2026-04-23 11:26:48',9999,'2026-04-28 11:36:01'),(28,9,'内场 A 区','#4ECDC4',18,30,'2026-04-23 11:26:48',9999,'2026-04-28 11:36:01'),(29,9,'看台 B 区','#FFE66D',25,35,'2026-04-23 11:26:48',9999,'2026-04-28 11:36:01'),(30,9,'看台 C 区','#95E77E',25,35,'2026-04-23 11:26:48',9999,'2026-04-28 11:36:01'),(31,10,'内场 VIP 区','#FF6B6B',10,20,'2026-04-23 11:26:48',9999,'2026-04-28 11:36:01'),(32,10,'内场 A 区','#4ECDC4',15,25,'2026-04-23 11:26:48',9999,'2026-04-28 11:36:01'),(33,10,'看台 B 区','#FFE66D',20,30,'2026-04-23 11:26:48',9999,'2026-04-28 11:36:01'),(34,11,'内场 VIP 区','#FF6B6B',10,20,'2026-04-23 11:26:48',9999,'2026-04-28 11:36:01'),(35,11,'内场 A 区','#4ECDC4',15,25,'2026-04-23 11:26:48',9999,'2026-04-28 11:36:01'),(36,11,'看台 B 区','#FFE66D',20,30,'2026-04-23 11:26:48',9999,'2026-04-28 11:36:01'),(37,12,'内场 VIP 区','#FF6B6B',8,20,'2026-04-23 11:26:48',9999,'2026-04-28 11:36:01'),(38,12,'内场 A 区','#4ECDC4',12,25,'2026-04-23 11:26:48',9999,'2026-04-28 11:36:01'),(39,12,'看台 B 区','#FFE66D',18,30,'2026-04-23 11:26:48',9999,'2026-04-28 11:36:01');
/*!40000 ALTER TABLE `seat_area` ENABLE KEYS */;
UNLOCK TABLES;

--
-- Table structure for table `show`
--

DROP TABLE IF EXISTS `show`;
/*!40101 SET @saved_cs_client     = @@character_set_client */;
/*!50503 SET character_set_client = utf8mb4 */;
CREATE TABLE `show` (
  `id` bigint NOT NULL AUTO_INCREMENT COMMENT '场次ID',
  `concert_id` bigint NOT NULL COMMENT '演出ID',
  `venue_id` bigint NOT NULL COMMENT '场馆ID',
  `show_time` datetime NOT NULL COMMENT '演出时间（年月日+时分秒）',
  `sale_start_time` datetime NOT NULL COMMENT '开售时间',
  `sale_end_time` datetime NOT NULL COMMENT '停售时间',
  `create_time` datetime DEFAULT CURRENT_TIMESTAMP,
  `update_time` datetime DEFAULT CURRENT_TIMESTAMP ON UPDATE CURRENT_TIMESTAMP,
  `status` tinyint NOT NULL DEFAULT '1' COMMENT '状态：1即将开始 2热卖中 3已结束 0下架',
  PRIMARY KEY (`id`),
  KEY `idx_concert` (`concert_id`),
  KEY `idx_venue` (`venue_id`)
) ENGINE=InnoDB AUTO_INCREMENT=3 DEFAULT CHARSET=utf8mb4 COLLATE=utf8mb4_0900_ai_ci COMMENT='场次表';
/*!40101 SET character_set_client = @saved_cs_client */;

--
-- Dumping data for table `show`
--

LOCK TABLES `show` WRITE;
/*!40000 ALTER TABLE `show` DISABLE KEYS */;
INSERT INTO `show` VALUES (1,1,1,'2026-05-28 19:30:00','2026-04-28 09:17:06','2026-05-01 09:17:06','2026-04-28 09:17:06','2026-04-28 10:09:28',1),(2,2,2,'2026-05-29 19:00:00','2026-04-28 09:17:06','2026-05-03 09:17:06','2026-04-28 09:17:06','2026-04-28 10:35:50',1);
/*!40000 ALTER TABLE `show` ENABLE KEYS */;
UNLOCK TABLES;

--
-- Table structure for table `sms_verification_code`
--

DROP TABLE IF EXISTS `sms_verification_code`;
/*!40101 SET @saved_cs_client     = @@character_set_client */;
/*!50503 SET character_set_client = utf8mb4 */;
CREATE TABLE `sms_verification_code` (
  `id` bigint NOT NULL AUTO_INCREMENT,
  `phone` varchar(11) NOT NULL,
  `code` varchar(10) NOT NULL,
  `expire_time` datetime NOT NULL,
  `used` tinyint(1) DEFAULT '0',
  `create_time` datetime DEFAULT CURRENT_TIMESTAMP,
  PRIMARY KEY (`id`),
  KEY `idx_phone_expire` (`phone`,`expire_time`),
  KEY `idx_phone_code` (`phone`,`code`)
) ENGINE=InnoDB AUTO_INCREMENT=4 DEFAULT CHARSET=utf8mb4 COLLATE=utf8mb4_0900_ai_ci COMMENT='短信验证码表';
/*!40101 SET character_set_client = @saved_cs_client */;

--
-- Dumping data for table `sms_verification_code`
--

LOCK TABLES `sms_verification_code` WRITE;
/*!40000 ALTER TABLE `sms_verification_code` DISABLE KEYS */;
INSERT INTO `sms_verification_code` VALUES (1,'13812345678','528280','2026-04-28 17:10:44',0,'2026-04-28 17:05:44'),(2,'15212345678','587513','2026-04-29 10:08:45',1,'2026-04-29 10:03:45'),(3,'15212345678','341321','2026-04-29 16:58:08',0,'2026-04-29 16:53:08');
/*!40000 ALTER TABLE `sms_verification_code` ENABLE KEYS */;
UNLOCK TABLES;

--
-- Table structure for table `sys_permission`
--

DROP TABLE IF EXISTS `sys_permission`;
/*!40101 SET @saved_cs_client     = @@character_set_client */;
/*!50503 SET character_set_client = utf8mb4 */;
CREATE TABLE `sys_permission` (
  `id` bigint NOT NULL AUTO_INCREMENT COMMENT '权限ID',
  `permission_code` varchar(100) NOT NULL COMMENT '权限编码',
  `permission_name` varchar(100) NOT NULL COMMENT '权限名称',
  `resource_type` varchar(20) NOT NULL DEFAULT 'button' COMMENT '资源类型：menu-菜单，button-按钮',
  `parent_id` bigint NOT NULL DEFAULT '0' COMMENT '父级ID（0表示顶级）',
  `sort` int NOT NULL DEFAULT '0' COMMENT '排序号',
  `status` tinyint NOT NULL DEFAULT '1' COMMENT '状态：0-禁用，1-正常',
  `create_time` datetime DEFAULT CURRENT_TIMESTAMP COMMENT '创建时间',
  `update_time` datetime DEFAULT CURRENT_TIMESTAMP ON UPDATE CURRENT_TIMESTAMP COMMENT '更新时间',
  PRIMARY KEY (`id`),
  UNIQUE KEY `uk_permission_code` (`permission_code`)
) ENGINE=InnoDB AUTO_INCREMENT=29 DEFAULT CHARSET=utf8mb4 COLLATE=utf8mb4_0900_ai_ci COMMENT='系统权限表';
/*!40101 SET character_set_client = @saved_cs_client */;

--
-- Dumping data for table `sys_permission`
--

LOCK TABLES `sys_permission` WRITE;
/*!40000 ALTER TABLE `sys_permission` DISABLE KEYS */;
INSERT INTO `sys_permission` VALUES (1,'concert:list','演唱会列表','menu',0,1,1,'2026-04-27 15:24:03','2026-04-27 15:24:03'),(2,'concert:add','新增演唱会','button',1,2,1,'2026-04-27 15:24:03','2026-04-27 15:24:03'),(3,'concert:edit','编辑演唱会','button',1,3,1,'2026-04-27 15:24:03','2026-04-27 15:24:03'),(4,'concert:delete','删除演唱会','button',1,4,1,'2026-04-27 15:24:03','2026-04-27 15:24:03'),(5,'show:list','场次列表','menu',0,5,1,'2026-04-27 15:24:03','2026-04-27 15:24:03'),(6,'show:add','新增场次','button',5,6,1,'2026-04-27 15:24:03','2026-04-27 15:24:03'),(7,'show:edit','编辑场次','button',5,7,1,'2026-04-27 15:24:03','2026-04-27 15:24:03'),(8,'show:delete','删除场次','button',5,8,1,'2026-04-27 15:24:03','2026-04-27 15:24:03'),(9,'venue:list','场馆列表','menu',0,9,1,'2026-04-27 15:24:03','2026-04-27 15:24:03'),(10,'venue:add','新增场馆','button',9,10,1,'2026-04-27 15:24:03','2026-04-27 15:24:03'),(11,'venue:edit','编辑场馆','button',9,11,1,'2026-04-27 15:24:03','2026-04-27 15:24:03'),(12,'venue:delete','删除场馆','button',9,12,1,'2026-04-27 15:24:03','2026-04-27 15:24:03'),(13,'artist:list','艺人列表','menu',0,13,1,'2026-04-27 15:24:03','2026-04-27 15:24:03'),(14,'artist:add','新增艺人','button',13,14,1,'2026-04-27 15:24:03','2026-04-27 15:24:03'),(15,'artist:edit','编辑艺人','button',13,15,1,'2026-04-27 15:24:03','2026-04-27 15:24:03'),(16,'artist:delete','删除艺人','button',13,16,1,'2026-04-27 15:24:03','2026-04-27 15:24:03'),(17,'ticket:list','票种列表','menu',0,17,1,'2026-04-27 15:24:03','2026-04-27 15:24:03'),(18,'ticket:add','新增票种','button',17,18,1,'2026-04-27 15:24:03','2026-04-27 15:24:03'),(19,'ticket:edit','编辑票种','button',17,19,1,'2026-04-27 15:24:03','2026-04-27 15:24:03'),(20,'ticket:delete','删除票种','button',17,20,1,'2026-04-27 15:24:03','2026-04-27 15:24:03'),(21,'ticket:stock','库存调整','button',17,21,1,'2026-04-27 15:24:03','2026-04-27 15:24:03'),(22,'order:list','订单列表','menu',0,22,1,'2026-04-27 15:24:03','2026-04-27 15:24:03'),(23,'order:refund','订单退款','button',22,23,1,'2026-04-27 15:24:03','2026-04-27 15:24:03'),(24,'order:cancel','订单取消','button',22,24,1,'2026-04-27 15:24:03','2026-04-27 15:24:03'),(25,'user:list','用户列表','menu',0,25,1,'2026-04-27 15:24:03','2026-04-27 15:24:03'),(26,'user:ban','封禁用户','button',25,26,1,'2026-04-27 15:24:03','2026-04-27 15:24:03'),(27,'user:unban','解封用户','button',25,27,1,'2026-04-27 15:24:03','2026-04-27 15:24:03'),(28,'dashboard:view','数据看板','menu',0,28,1,'2026-04-27 15:24:03','2026-04-27 15:24:03');
/*!40000 ALTER TABLE `sys_permission` ENABLE KEYS */;
UNLOCK TABLES;

--
-- Table structure for table `sys_role`
--

DROP TABLE IF EXISTS `sys_role`;
/*!40101 SET @saved_cs_client     = @@character_set_client */;
/*!50503 SET character_set_client = utf8mb4 */;
CREATE TABLE `sys_role` (
  `id` bigint NOT NULL AUTO_INCREMENT COMMENT '角色ID',
  `role_code` varchar(50) NOT NULL COMMENT '角色编码',
  `role_name` varchar(100) NOT NULL COMMENT '角色名称',
  `description` varchar(255) DEFAULT NULL COMMENT '角色描述',
  `status` tinyint NOT NULL DEFAULT '1' COMMENT '状态：0-禁用，1-正常',
  `create_time` datetime DEFAULT CURRENT_TIMESTAMP COMMENT '创建时间',
  `update_time` datetime DEFAULT CURRENT_TIMESTAMP ON UPDATE CURRENT_TIMESTAMP COMMENT '更新时间',
  PRIMARY KEY (`id`),
  UNIQUE KEY `uk_role_code` (`role_code`)
) ENGINE=InnoDB AUTO_INCREMENT=5 DEFAULT CHARSET=utf8mb4 COLLATE=utf8mb4_0900_ai_ci COMMENT='系统角色表';
/*!40101 SET character_set_client = @saved_cs_client */;

--
-- Dumping data for table `sys_role`
--

LOCK TABLES `sys_role` WRITE;
/*!40000 ALTER TABLE `sys_role` DISABLE KEYS */;
INSERT INTO `sys_role` VALUES (1,'ADMIN','超级管理员','拥有系统全部权限',1,'2026-04-27 15:24:03','2026-04-27 15:24:03'),(2,'CONCERT_MANAGER','演唱会管理员','管理演唱会、场次、场馆、艺人',1,'2026-04-27 15:24:03','2026-04-27 15:24:03'),(3,'ORDER_MANAGER','订单管理员','管理订单、退款',1,'2026-04-27 15:24:03','2026-04-27 15:24:03'),(4,'VIEWER','数据查看员','仅查看数据看板',1,'2026-04-27 15:24:03','2026-04-27 15:24:03');
/*!40000 ALTER TABLE `sys_role` ENABLE KEYS */;
UNLOCK TABLES;

--
-- Table structure for table `sys_role_permission`
--

DROP TABLE IF EXISTS `sys_role_permission`;
/*!40101 SET @saved_cs_client     = @@character_set_client */;
/*!50503 SET character_set_client = utf8mb4 */;
CREATE TABLE `sys_role_permission` (
  `id` bigint NOT NULL AUTO_INCREMENT COMMENT '主键ID',
  `role_id` bigint NOT NULL COMMENT '角色ID',
  `permission_id` bigint NOT NULL COMMENT '权限ID',
  `create_time` datetime DEFAULT CURRENT_TIMESTAMP COMMENT '创建时间',
  PRIMARY KEY (`id`),
  UNIQUE KEY `uk_role_permission` (`role_id`,`permission_id`)
) ENGINE=InnoDB AUTO_INCREMENT=111 DEFAULT CHARSET=utf8mb4 COLLATE=utf8mb4_0900_ai_ci COMMENT='角色-权限关联表';
/*!40101 SET character_set_client = @saved_cs_client */;

--
-- Dumping data for table `sys_role_permission`
--

LOCK TABLES `sys_role_permission` WRITE;
/*!40000 ALTER TABLE `sys_role_permission` DISABLE KEYS */;
INSERT INTO `sys_role_permission` VALUES (54,4,28,'2026-04-27 15:24:03'),(55,1,14,'2026-04-27 15:26:41'),(56,1,16,'2026-04-27 15:26:41'),(57,1,15,'2026-04-27 15:26:41'),(58,1,13,'2026-04-27 15:26:41'),(59,1,2,'2026-04-27 15:26:41'),(60,1,4,'2026-04-27 15:26:41'),(61,1,3,'2026-04-27 15:26:41'),(62,1,1,'2026-04-27 15:26:41'),(63,1,28,'2026-04-27 15:26:41'),(64,1,24,'2026-04-27 15:26:41'),(65,1,22,'2026-04-27 15:26:41'),(66,1,23,'2026-04-27 15:26:41'),(67,1,6,'2026-04-27 15:26:41'),(68,1,8,'2026-04-27 15:26:41'),(69,1,7,'2026-04-27 15:26:41'),(70,1,5,'2026-04-27 15:26:41'),(71,1,18,'2026-04-27 15:26:41'),(72,1,20,'2026-04-27 15:26:41'),(73,1,19,'2026-04-27 15:26:41'),(74,1,17,'2026-04-27 15:26:41'),(75,1,21,'2026-04-27 15:26:41'),(76,1,26,'2026-04-27 15:26:41'),(77,1,25,'2026-04-27 15:26:41'),(78,1,27,'2026-04-27 15:26:41'),(79,1,10,'2026-04-27 15:26:41'),(80,1,12,'2026-04-27 15:26:41'),(81,1,11,'2026-04-27 15:26:41'),(82,1,9,'2026-04-27 15:26:41'),(86,2,1,'2026-04-27 15:26:41'),(87,2,2,'2026-04-27 15:26:41'),(88,2,3,'2026-04-27 15:26:41'),(89,2,4,'2026-04-27 15:26:41'),(90,2,5,'2026-04-27 15:26:41'),(91,2,6,'2026-04-27 15:26:41'),(92,2,7,'2026-04-27 15:26:41'),(93,2,8,'2026-04-27 15:26:41'),(94,2,9,'2026-04-27 15:26:41'),(95,2,10,'2026-04-27 15:26:41'),(96,2,11,'2026-04-27 15:26:41'),(97,2,12,'2026-04-27 15:26:41'),(98,2,13,'2026-04-27 15:26:41'),(99,2,14,'2026-04-27 15:26:41'),(100,2,15,'2026-04-27 15:26:41'),(101,2,16,'2026-04-27 15:26:41'),(102,2,17,'2026-04-27 15:26:41'),(103,2,18,'2026-04-27 15:26:41'),(104,2,19,'2026-04-27 15:26:41'),(105,2,20,'2026-04-27 15:26:41'),(106,2,21,'2026-04-27 15:26:41'),(107,3,22,'2026-04-27 15:26:41'),(108,3,23,'2026-04-27 15:26:41'),(109,3,24,'2026-04-27 15:26:41'),(110,3,25,'2026-04-27 15:26:41');
/*!40000 ALTER TABLE `sys_role_permission` ENABLE KEYS */;
UNLOCK TABLES;

--
-- Table structure for table `sys_user_role`
--

DROP TABLE IF EXISTS `sys_user_role`;
/*!40101 SET @saved_cs_client     = @@character_set_client */;
/*!50503 SET character_set_client = utf8mb4 */;
CREATE TABLE `sys_user_role` (
  `id` bigint NOT NULL AUTO_INCREMENT COMMENT '主键ID',
  `user_id` bigint NOT NULL COMMENT '用户ID',
  `role_id` bigint NOT NULL COMMENT '角色ID',
  `create_time` datetime DEFAULT CURRENT_TIMESTAMP COMMENT '创建时间',
  PRIMARY KEY (`id`),
  UNIQUE KEY `uk_user_role` (`user_id`,`role_id`)
) ENGINE=InnoDB AUTO_INCREMENT=6 DEFAULT CHARSET=utf8mb4 COLLATE=utf8mb4_0900_ai_ci COMMENT='用户-角色关联表';
/*!40101 SET character_set_client = @saved_cs_client */;

--
-- Dumping data for table `sys_user_role`
--

LOCK TABLES `sys_user_role` WRITE;
/*!40000 ALTER TABLE `sys_user_role` DISABLE KEYS */;
INSERT INTO `sys_user_role` VALUES (1,1,1,'2026-04-27 15:26:41'),(2,2,2,'2026-04-27 15:26:41'),(3,3,3,'2026-04-27 15:26:41'),(4,4,4,'2026-04-27 15:26:41');
/*!40000 ALTER TABLE `sys_user_role` ENABLE KEYS */;
UNLOCK TABLES;

--
-- Table structure for table `ticket_type`
--

DROP TABLE IF EXISTS `ticket_type`;
/*!40101 SET @saved_cs_client     = @@character_set_client */;
/*!50503 SET character_set_client = utf8mb4 */;
CREATE TABLE `ticket_type` (
  `id` bigint NOT NULL AUTO_INCREMENT COMMENT '票品ID',
  `show_id` bigint NOT NULL COMMENT '场次ID',
  `area_id` bigint NOT NULL COMMENT '座位区域ID',
  `price` decimal(10,2) NOT NULL COMMENT '票价',
  `total_stock` int NOT NULL COMMENT '总库存',
  `sold_stock` int DEFAULT '0' COMMENT '已售票数',
  `create_time` datetime DEFAULT CURRENT_TIMESTAMP,
  `update_time` datetime DEFAULT CURRENT_TIMESTAMP ON UPDATE CURRENT_TIMESTAMP,
  `name` varchar(255) NOT NULL,
  `available_stock` int NOT NULL DEFAULT '0',
  PRIMARY KEY (`id`),
  UNIQUE KEY `uk_show_area` (`show_id`,`area_id`),
  KEY `idx_show` (`show_id`)
) ENGINE=InnoDB AUTO_INCREMENT=4 DEFAULT CHARSET=utf8mb4 COLLATE=utf8mb4_0900_ai_ci COMMENT='票品表';
/*!40101 SET character_set_client = @saved_cs_client */;

--
-- Dumping data for table `ticket_type`
--

LOCK TABLES `ticket_type` WRITE;
/*!40000 ALTER TABLE `ticket_type` DISABLE KEYS */;
INSERT INTO `ticket_type` VALUES (1,1,1,1880.00,200,0,'2026-04-28 09:17:27','2026-04-29 15:09:50','内场VIP',196),(2,1,2,1280.00,300,0,'2026-04-28 09:17:27','2026-04-29 16:13:19','看台F区',298),(3,2,5,1680.00,150,0,'2026-04-28 09:17:27','2026-04-29 14:57:03','看台A区',150);
/*!40000 ALTER TABLE `ticket_type` ENABLE KEYS */;
UNLOCK TABLES;

--
-- Table structure for table `user`
--

DROP TABLE IF EXISTS `user`;
/*!40101 SET @saved_cs_client     = @@character_set_client */;
/*!50503 SET character_set_client = utf8mb4 */;
CREATE TABLE `user` (
  `id` bigint NOT NULL AUTO_INCREMENT COMMENT '用户ID',
  `phone` varchar(11) NOT NULL COMMENT '手机号',
  `password` varchar(64) NOT NULL COMMENT '加密密码',
  `nickname` varchar(50) DEFAULT NULL COMMENT '昵称',
  `avatar` varchar(255) DEFAULT NULL COMMENT '头像URL',
  `status` tinyint DEFAULT '1' COMMENT '状态：0禁用 1正常',
  `create_time` datetime DEFAULT CURRENT_TIMESTAMP COMMENT '注册时间',
  `update_time` datetime DEFAULT CURRENT_TIMESTAMP ON UPDATE CURRENT_TIMESTAMP COMMENT '更新时间',
  `role` varchar(20) NOT NULL DEFAULT 'ROLE_USER' COMMENT '角色：ROLE_USER, ROLE_ADMIN, ROLE_CONCERT_MANAGER',
  PRIMARY KEY (`id`),
  UNIQUE KEY `uk_phone` (`phone`)
) ENGINE=InnoDB AUTO_INCREMENT=6 DEFAULT CHARSET=utf8mb4 COLLATE=utf8mb4_0900_ai_ci COMMENT='用户表';
/*!40101 SET character_set_client = @saved_cs_client */;

--
-- Dumping data for table `user`
--

LOCK TABLES `user` WRITE;
/*!40000 ALTER TABLE `user` DISABLE KEYS */;
INSERT INTO `user` VALUES (1,'13812345678','$2a$10$sFjEa8.m000DmtBCfhgHi.e0l7HxXrnHySOFRMqJ41dLmf7Wg2vay','测试用户1',NULL,1,'2026-04-24 17:53:20','2026-04-27 16:57:10','ROLE_ADMIN'),(2,'13912345678','$2a$10$sFjEa8.m000DmtBCfhgHi.e0l7HxXrnHySOFRMqJ41dLmf7Wg2vay','周杰伦粉丝',NULL,1,'2026-04-24 17:53:20','2026-04-27 17:03:14','ROLE_USER'),(3,'15012345678','$2a$10$sFjEa8.m000DmtBCfhgHi.e0l7HxXrnHySOFRMqJ41dLmf7Wg2vay','林俊杰歌迷',NULL,1,'2026-04-24 17:53:20','2026-04-27 17:03:22','ROLE_USER'),(5,'15212345678','$2a$10$THjLRCBDEUexXLdKTHa63.yBzaLP1Y3lvQEwiI5bq/O3bH0a1w57C',NULL,NULL,1,'2026-04-29 10:04:09','2026-04-29 10:04:09','ROLE_USER');
/*!40000 ALTER TABLE `user` ENABLE KEYS */;
UNLOCK TABLES;

--
-- Table structure for table `venue`
--

DROP TABLE IF EXISTS `venue`;
/*!40101 SET @saved_cs_client     = @@character_set_client */;
/*!50503 SET character_set_client = utf8mb4 */;
CREATE TABLE `venue` (
  `id` bigint NOT NULL AUTO_INCREMENT COMMENT '场馆ID',
  `name` varchar(100) NOT NULL COMMENT '场馆名称',
  `address` varchar(255) DEFAULT NULL COMMENT '详细地址',
  `city` varchar(50) DEFAULT NULL COMMENT '城市',
  `latitude` decimal(10,8) DEFAULT NULL COMMENT '纬度',
  `longitude` decimal(11,8) DEFAULT NULL COMMENT '经度',
  `create_time` datetime DEFAULT CURRENT_TIMESTAMP,
  `capacity` int DEFAULT NULL COMMENT '场馆容量',
  `update_time` datetime DEFAULT NULL COMMENT '更新时间',
  PRIMARY KEY (`id`)
) ENGINE=InnoDB AUTO_INCREMENT=13 DEFAULT CHARSET=utf8mb4 COLLATE=utf8mb4_0900_ai_ci COMMENT='场馆表';
/*!40101 SET character_set_client = @saved_cs_client */;

--
-- Dumping data for table `venue`
--

LOCK TABLES `venue` WRITE;
/*!40000 ALTER TABLE `venue` DISABLE KEYS */;
INSERT INTO `venue` VALUES (1,'杭州奥体中心体育场（大莲花）','杭州市滨江区飞虹路 3 号','杭州',30.22500000,120.22500000,'2026-04-23 11:26:48',10000,'2026-04-28 10:17:55'),(2,'上海体育场','上海市徐汇区天钥桥路 666 号','上海',31.18300000,121.43900000,'2026-04-23 11:26:48',10000,'2026-04-28 10:17:55'),(3,'广东奥林匹克体育中心','广州市天河区大观南路 36 号','广州',23.13700000,113.40200000,'2026-04-23 11:26:48',10000,'2026-04-28 10:17:55'),(4,'深圳大运中心体育场','深圳市龙岗区龙翔大道 3001 号','深圳',22.69700000,114.22600000,'2026-04-23 11:26:48',10000,'2026-04-28 10:17:55'),(5,'成都东安湖体育公园主体育场','成都市龙泉驿区东安湖路','成都',30.58000000,104.25700000,'2026-04-23 11:26:48',10000,'2026-04-28 10:17:55'),(6,'武汉体育中心主体育场','武汉市蔡甸区车城北路 58 号','武汉',30.50900000,114.16900000,'2026-04-23 11:26:48',10000,'2026-04-28 10:17:55'),(7,'西安奥体中心体育馆','西安市灞桥区西滨路与向东路交叉口东北角','西安',34.39400000,109.02100000,'2026-04-23 11:26:48',10000,'2026-04-28 10:17:55'),(8,'南京奥体中心体育场','南京市建邺区江东中路 222 号','南京',32.00500000,118.72100000,'2026-04-23 11:26:48',10000,'2026-04-28 10:17:55'),(9,'国家体育场（鸟巢）','北京市朝阳区国家体育场南路 1 号','北京',39.99200000,116.39700000,'2026-04-23 11:26:48',10000,'2026-04-28 10:17:55'),(10,'重庆奥体中心体育场','重庆市九龙坡区袁家岗奥体路','重庆',29.53700000,106.51400000,'2026-04-23 11:26:48',10000,'2026-04-28 10:17:55'),(11,'苏州奥林匹克体育中心体育场','苏州市苏州工业园区中新大道东 999 号','苏州',31.31500000,120.71500000,'2026-04-23 11:26:48',10000,'2026-04-28 10:17:55'),(12,'长沙贺龙体育中心体育场','长沙市天心区劳动西路 358 号','长沙',28.18400000,112.97300000,'2026-04-23 11:26:48',10000,'2026-04-28 10:17:55');
/*!40000 ALTER TABLE `venue` ENABLE KEYS */;
UNLOCK TABLES;
/*!40103 SET TIME_ZONE=@OLD_TIME_ZONE */;

/*!40101 SET SQL_MODE=@OLD_SQL_MODE */;
/*!40014 SET FOREIGN_KEY_CHECKS=@OLD_FOREIGN_KEY_CHECKS */;
/*!40014 SET UNIQUE_CHECKS=@OLD_UNIQUE_CHECKS */;
/*!40101 SET CHARACTER_SET_CLIENT=@OLD_CHARACTER_SET_CLIENT */;
/*!40101 SET CHARACTER_SET_RESULTS=@OLD_CHARACTER_SET_RESULTS */;
/*!40101 SET COLLATION_CONNECTION=@OLD_COLLATION_CONNECTION */;
/*!40111 SET SQL_NOTES=@OLD_SQL_NOTES */;

-- Dump completed on 2026-04-30 17:58:06
